ID Glass,Archive no,Manufacture method,Colour,Area,Context,Context code,Context ID,Military catalogue number,Military page number,Military figure,Baths&M catalogue number,Baths&M page number,Baths&M figure
165,"88b","Blown","Emerald green",75,2,75.002,2294,110,246,,890,,
166,"88c","Blown","Emerald green",58,4,58.004,1981,110,246,,999,,
167,88d,"Blown","Emerald green",80,179,80.179,2522,110,246,,133,,
168,89,"Blown","Yellow/green",30,34,30.034,6576,111,247,6.5,,,
169,90,"Blown","Yellow/green",90,184,90.184,3499,112,247,,13,,
170,91,"Blown","Yellow/green",86,71,86.071,3168,0,0,,14,171,4.38
171,92,"Blown","Yellow/green",47,17,47.017,1430,0,0,,891,179,4.38
172,93,"Blown","Yellow/green",22,2,22.002,862,113,247,,1000,182,
173,94,"Blown","Yellow/green",86,40,86.04,3151,0,0,,678,177,
174,94,"Blown","Yellow/green",92,18,92.018,3813,0,0,,892,179,
175,95,"Blown","Yellow/green",91,72,91.072,3678,114,247,6.5,679,177,
176,"95b","Blown","Yellow/green",90,216,90.216,3529,115,247,,134,,
177,96,"Blown","Yellow/green",90,207,90.207,3520,116,247,6.5,135,,
178,"96b","Blown","Yellow/green",90,177,90.177,3492,117,247,,136,,
179,97,"Blown","Yellow/green",91,58,91.058,3675,118,247,6.5,15,,
180,98,"Blown","Yellow/green",9,30,9.03,6565,119,247,,,,
181,99,"Blown","Yellow/green",0,0,0.0,7001,0,0,,,,
182,100,"Blown","Yellow/green",90,204,90.204,3517,0,0,,137,,
183,101,"Blown","Yellow/green",92,61,92.061,6436,120,247,,,,
184,102,"Blown","Yellow/green",38,35,38.035,1274,0,0,,988,181,
185,"102b","Blown","Yellow/green",75,2,75.002,2294,0,0,,893,,
186,"102c","Blown","Yellow/green",81,15,81.015,6628,0,0,,,,
187,102d,"Blown","Yellow/green",72,67,72.067,5828,0,0,,,,
188,"102e","Blown","Yellow/green",98,190,98.19,4478,0,0,,16,,
189,102f,"Blown","Yellow/green",86,42,86.042,3153,0,0,,680,,
190,"102g","Blown","Yellow/green",86,60,86.06,3164,0,0,,17,,
191,"102h","Blown","Yellow/green",96,68,96.068,6698,0,0,,138,,
192,"102i","Blown","Yellow/green",92,18,92.018,3813,0,0,,894,,
193,"102j","Blown","Yellow/green",91,23,91.023,3641,0,0,,680,,
194,"102k","Blown","Yellow/green",81,80,81.08,2592,0,0,,895,,
195,"102l","Blown","Yellow/green",86,65,86.065,6668,0,0,,,,
196,"102m","Blown","Yellow/green",90,22,90.22,6674,0,0,,,,
197,"102n","Blown","Yellow/green",1956,0,0.0,7001,0,0,,,,
198,"102o","Blown","Yellow/green",1983,0,0.0,7001,0,0,,,,
199,"102p","Blown","Yellow/green",0,0,0.0,7001,0,0,,,,
200,"102q","Blown","Yellow/green",98,52,98.052,4346,0,0,,139,,
201,"102r","Blown","Yellow/green",84,108,84.108,6635,0,0,,,,
202,103,"Blown","Yellow/green",91,94,91.094,3707,122,247,6.5,682,,
203,104,"Blown","Yellow/green",97,179,97.179,4170,123,247,,18,,
204,"104b","Blown","Yellow/green",90,184,90.184,3499,124,247,,19,,
205,105,"Blown","Yellow/green",92,24,92.024,6737,125,247,6.5,,,
206,"105b","Blown","Yellow/green",90,167,90.167,3482,126,247,,140,,
207,"105c","Blown","Yellow/green",90,5,90.005,3320,127,247,,141,,
208,105d,"Blown","Yellow/green",90,125,90.125,3440,0,0,,142,172,
209,"105r","Blown","Yellow/green",97,121,97.121,4112,0,0,,143,172,
210,106,"Blown","Yellow/green",83,114,83.114,2699,128,247,6.5,683,,
211,107,"Blown","Yellow/green",83,534,83.543,2749,129,247,6.5,684,,
212,108,"Blown","Yellow/green",98,61,98.061,4355,130,247,,685,,
213,109,"Blown","Yellow/green",0,0,0.0,7001,131,247,,,,
214,110,"Blown","Yellow/green",91,52,91.052,3670,132,247,6.5,686,,
215,111,"Blown","Yellow/green",90,17,90.017,3332,0,0,,144,172,4.44
216,112,"Blown","Yellow/green",68,0,68.0,7000,0,0,,,,
217,113,"Blown","Yellow/green",91,94,91.094,3707,0,0,,688,177,
218,"113b","Blown","Yellow/green",84,71,84.071,6625,133,247,,,,
219,"113c","Blown","Yellow/green",98,173,98.173,4466,0,0,,20,171,
220,114,"Blown","Yellow/green",11,20,11.02,449,0,0,,896,179,
221,115,"Blown","Yellow/green",30,7,30.007,6574,134,247,6.5,,,
222,116,"Blown","Yellow/green",0,0,0.0,7001,135,247,6.5,,,
223,117,"Blown","Yellow/green",56,29,56.029,1889,0,0,,1001,182,4.46
712,"369i","Blown","Blue/green",70,68,70.068,5719,0,0,,,,
713,"369j","Blown","Blue/green",72,14,72.014,5830,226,251,,,,
714,"369k","Blown","Blue/green",72,21,72.021,5790,226,251,,,,
715,"369l","Blown","Blue/green",72,67,72.067,5828,0,0,,,,
716,"369m","Blown","Blue/green",74,3,74.003,6611,226,251,,,,
717,"369n","Blown","Blue/green",75,2,75.002,2294,226,251,,929,,
718,"369o","Blown","Blue/green",78,10,78.01,6022,226,251,,,,
719,"369p","Blown","Blue/green",78,15,78.015,6028,226,251,,,,
720,"369r","Blown","Blue/green",80,20,80.02,2369,226,251,,352,175,
721,"369s","Blown","Blue/green",84,84,84.084,4801,226,251,,,,
722,"369t","Blown","Blue/green",84,107,84.107,6634,226,251,,,,
723,"369u","Blown","Blue/green",84,145,84.145,3369,226,251,,,,
724,"369v","Blown","Blue/green",84,209,84.209,6642,226,251,,,,
725,"369w","Blown","Blue/green",84,379,84.379,4824,226,251,,,,
726,"369x","Blown","Blue/green",84,405,84.405,4827,226,251,,,,
727,"369y","Blown","Blue/green",85,238,85.238,3089,226,251,,49,,
728,"369z","Blown","Blue/green",91,110,91.11,6677,226,251,,,,
729,"369aa","Blown","Blue/green",91,193,91.193,6678,226,251,,,,
730,"369ab","Blown","Blue/green",91,210,91.21,6679,226,251,,,,
731,"369ac","Blown","Blue/green",92,24,92.024,6737,0,0,,,,
732,"369ad","Blown","Blue/green",92,61,92.061,6436,226,251,,,,
733,"369ae","Blown","Blue/green",92,71,92.071,6403,226,251,,,,
734,"369af","Blown","Blue/green",92,77,92.077,6382,226,251,,,,
735,"369ag","Blown","Blue/green",84,83,84.083,6632,226,251,,,,
736,"369ah","Blown","Blue/green",84,71,84.071,6625,226,251,,,,
737,"369ai","Blown","Blue/green",91,210,91.21,6679,226,251,,,,
738,"369aj","Blown","Blue/green",12,30,12.03,6568,226,251,,,,
739,"369ak","Blown","Blue/green",98,162,98.162,4455,226,251,,50,,
740,"369al","Blown","Blue/green",98,178,98.178,4470,226,251,,51,,
741,"369am","Blown","Blue/green",77,2,77.002,2308,0,0,,930,,
742,"369an","Blown","Blue/green",84,109,84.109,6636,0,0,,,,
743,"369ao","Blown","Blue/green",85,226,85.226,3081,0,0,,52,,
744,"369ap","Blown","Blue/green",90,184,90.184,3499,0,0,,53,,
745,"369aq","Blown","Blue/green",90,223,90.223,3535,0,0,,353,175,
746,"369ar","Blown","Blue/green",91,72,91.072,3678,0,0,,756,178,
747,"369as","Blown","Blue/green",91,191,91.191,3771,0,0,,54,,
748,"369at","Blown","Blue/green",97,148,97.148,4139,0,0,,354,175,
749,"369au","Blown","Blue/green",97,156,97.156,4147,0,0,,55,,
750,"369av","Blown","Blue/green",98,87,98.087,4381,0,0,,355,175,
751,"369aw","Blown","Blue/green",98,101,98.101,4395,0,0,,356,175,
752,"369ax","Blown","Blue/green",98,109,98.109,4403,0,0,,56,,
753,"369ay","Blown","Blue/green",98,119,98.119,4413,0,0,,57,,
754,"369az","Blown","Blue/green",98,124,98.124,4418,0,0,,58,,
755,"369ba","Blown","Blue/green",98,130,98.13,4424,0,0,,59,,
756,"369bb","Blown","Blue/green",98,132,98.132,4425,0,0,,60,,
757,"369bc","Blown","Blue/green",98,135,98.135,4428,0,0,,61,,
758,"369bd","Blown","Blue/green",98,148,98.148,4441,0,0,,62,,
759,"369be","Blown","Blue/green",98,149,98.149,4442,0,0,,63,,
760,"369bf","Blown","Blue/green",98,176,98.176,4469,0,0,,64,,
761,"369bg","Blown","Blue/green",98,188,98.188,4476,0,0,,65,,
762,"369bh","Blown","Blue/green",98,190,98.19,4478,0,0,,66,,
763,"369bi","Blown","Blue/green",83,45,83.045,2676,0,0,,756,178,
764,"369bj","Blown","Blue/green",84,118,84.118,2875,0,0,,757,178,
765,"369bk","Blown","Blue/green",83,534,83.534,2740,0,0,,758,178,
766,"369bl","Blown","Blue/green",83,536,83.536,2742,0,0,,759,178,
767,"369bm","Blown","Blue/green",84,46,84.046,2836,0,0,,760,178,
768,"369bn","Blown","Blue/green",84,48,84.048,2838,0,0,,761,178,
769,"369bo","Blown","Blue/green",84,52,84.052,2842,0,0,,762,178,
770,"369bp","Blown","Blue/green",84,62,84.062,2852,0,0,,763,178,
771,"369bq","Blown","Blue/green",84,75,84.075,2861,0,0,,764,178,
772,"369br","Blown","Blue/green",84,76,84.076,2862,0,0,,765,178,
773,"369bs","Blown","Blue/green",84,137,84.137,2887,0,0,,766,178,
774,"369bt","Blown","Blue/green",85,127,85.127,3039,0,0,,767,178,
775,"369bu","Blown","Blue/green",85,137,85.137,3048,0,0,,768,178,
776,"369bv","Blown","Blue/green",85,223,85.223,3078,0,0,,769,178,
777,"369bw","Blown","Blue/green",85,224,85.224,3079,0,0,,770,178,
778,"369bx","Blown","Blue/green",86,60,86.06,3164,0,0,,67,,
779,"369by","Blown","Blue/green",90,87,90.087,3402,0,0,,357,175,
780,"369bz","Blown","Blue/green",90,152,90.152,3467,0,0,,358,175,
781,"369ca","Blown","Blue/green",90,167,90.167,3482,0,0,,359,175,
782,"369cb","Blown","Blue/green",90,173,90.173,3488,0,0,,360,175,
783,"369cc","Blown","Blue/green",90,174,90.174,3489,0,0,,361,175,
784,"369cd","Blown","Blue/green",90,181,90.181,3496,0,0,,362,175,
785,"369ce","Blown","Blue/green",90,212,90.212,3525,0,0,,363,175,
786,"369cf","Blown","Blue/green",90,216,90.216,3529,0,0,,364,175,
787,"369cg","Blown","Blue/green",90,221,90.221,3533,0,0,,365,175,
788,"369ch","Blown","Blue/green",90,222,90.222,3534,0,0,,366,175,
789,"369ci","Blown","Blue/green",91,23,91.023,3641,0,0,,771,178,
790,"369cj","Blown","Blue/green",91,89,91.089,3702,0,0,,367,175,
791,"369ck","Blown","Blue/green",92,3,92.003,3799,0,0,,931,,
792,"369cl","Blown","Blue/green",92,4,92.004,3800,0,0,,932,,
793,"369cm","Blown","Blue/green",92,5,92.005,3801,0,0,,933,,
794,"369cn","Blown","Blue/green",92,9,92.009,3804,0,0,,934,,
795,"369co","Blown","Blue/green",92,18,82.018,6630,0,0,,935,,
796,"369cp","Blown","Blue/green",92,45,92.045,3833,0,0,,936,,
797,"369cq","Blown","Blue/green",93,3,93.003,6693,0,0,,,,
798,"369cr","Blown","Blue/green",97,192,97.192,4183,0,0,,368,175,
799,"369cs","Blown","Blue/green",98,68,98.068,4362,0,0,,369,175,
800,"369ct","Blown","Blue/green",98,77,98.077,4371,0,0,,370,175,
801,"369cu","Blown","Blue/green",98,83,98.083,4377,0,0,,371,175,
802,"369cv","Blown","Blue/green",98,84,98.084,4378,0,0,,372,175,
803,"369cw","Blown","Blue/green",49,116,49.116,1622,0,0,,1035,,
804,"369cx","Blown","Blue/green",56,33,56.033,1893,0,0,,1036,,
805,"369cy","Blown","Blue/green",58,1,58.001,1978,0,0,,1037,,
806,"369cz","Blown","Blue/green",58,2,58.002,1979,0,0,,1038,,
807,"369da","Blown","Blue/green",58,5,58.005,1982,0,0,,1039,,
808,"369db","Blown","Blue/green",58,9,58.009,1986,0,0,,1040,,
809,"369dc","Blown","Blue/green",59,8,59.008,2003,0,0,,1041,,
810,"369dd","Blown","Blue/green",59,10,59.01,2005,0,0,,1042,,
811,"369de","Blown","Blue/green",62,12,62.012,2074,0,0,,1043,,
812,"369df","Blown","Blue/green",80,3,80.003,2352,0,0,,373,175,
813,"369dg","Blown","Blue/green",80,4,80.004,2353,0,0,,374,175,
814,"369dh","Blown","Blue/green",80,5,80.005,2354,0,0,,375,175,
815,"369di","Blown","Blue/green",80,7,80.007,2356,0,0,,376,175,
816,"369dj","Blown","Blue/green",80,49,80.049,2397,0,0,,377,175,
817,"369dk","Blown","Blue/green",80,114,80.114,2461,0,0,,378,175,
818,"369dl","Blown","Blue/green",80,131,80.131,2477,0,0,,379,175,
819,"369dm","Blown","Blue/green",80,132,80.132,2478,0,0,,380,175,
820,"369dn","Blown","Blue/green",80,131,80.131,2477,0,0,,381,175,
821,"369do","Blown","Blue/green",80,133,80.133,2479,0,0,,382,175,
822,"369dp","Blown","Blue/green",90,5,90.005,3320,0,0,,383,175,
823,"369dq","Blown","Blue/green",90,14,90.014,3329,0,0,,384,175,
824,"369dr","Blown","Blue/green",90,47,90.047,3362,0,0,,385,175,
825,"369ds","Blown","Blue/green",90,56,90.056,3371,0,0,,386,175,
826,"369dt","Blown","Blue/green",90,66,90.066,3381,0,0,,387,175,
827,"369du","Blown","Blue/green",90,72,90.072,3387,0,0,,388,175,
828,"369dv","Blown","Blue/green",90,78,90.078,3393,0,0,,389,175,
829,"369dw","Blown","Blue/green",91,1,91.001,3621,0,0,,772,178,
830,"369dx","Blown","Blue/green",91,16,91.016,3634,0,0,,773,178,
831,"369dy","Blown","Blue/green",97,25,97.025,4018,0,0,,390,175,
832,"369dz","Blown","Blue/green",97,72,97.072,4065,0,0,,391,175,
833,"369ea","Blown","Blue/green",97,92,97.092,4085,0,0,,392,175,
834,"369eb","Blown","Blue/green",97,101,97.101,4092,0,0,,393,175,
835,"369ec","Blown","Blue/green",97,119,97.119,4110,0,0,,394,175,
836,"369ed","Blown","Blue/green",97,139,97.139,4130,0,0,,395,175,
837,"369ee","Blown","Blue/green",22,53,22.053,913,0,0,,1044,,
838,"369ef","Blown","Blue/green",23,29,23.029,955,0,0,,1045,,
839,"369eg","Blown","Blue/green",33,0,33.0,7000,0,0,,937,,
840,"369eh","Blown","Blue/green",38,80,38.08,1291,0,0,,994,,
841,"369ei","Blown","Blue/green",43,10,43.01,6583,0,0,,,,
842,"369ej","Blown","Blue/green",47,15,47.015,1428,0,0,,938,,
843,"369ek","Blown","Blue/green",47,17,47.017,1430,0,0,,939,,
844,"369el","Blown","Blue/green",49,0,49.0,7000,0,0,,,,
845,"369em","Blown","Blue/green",50,15,50.015,5529,0,0,,,,
846,"369en","Blown","Blue/green",50,83,50.083,5575,0,0,,,,
847,"369eo","Blown","Blue/green",51,4,51.004,1727,0,0,,940,,
848,"369ep","Blown","Blue/green",65,0,65.0,7000,0,0,,941,,
849,"369eq","Blown","Blue/green",72,0,72.0,7000,0,0,,,,
850,"369er","Blown","Blue/green",73,24,73.024,6609,0,0,,,,
851,"369es","Blown","Blue/green",80,14,80.014,2363,0,0,,396,175,
852,"369et","Blown","Blue/green",83,117,83.117,2702,0,0,,774,178,
853,"369eu","Blown","Blue/green",83,51,83.051,2682,0,0,,775,178,
1157,"417x","Blown","Blue/green bottle",98,145,98.145,4438,0,0,,545,176,
1158,"417y","Blown","Blue/green bottle",71,0,71.0,7000,0,0,,,,
1159,"417z","Blown","Blue/green bottle",85,0,85.0,7000,0,0,,,,
1160,"417ab","Blown","Blue/green bottle",0,0,0.0,7001,0,0,,,,
1161,"417ae","Blown","Blue/green bottle",14,37,14.037,6570,242,252,,,,
1162,"417ag","Blown","Blue/green bottle",44,14,44.014,6584,242,252,,,,
1163,"417ah","Blown","Blue/green bottle",50,39,50.039,1700,242,252,,970,181,
1164,"417ai","Blown","Blue/green bottle",70,17,70.017,2281,242,252,,,,
1165,"417aj","Blown","Blue/green bottle",81,15,81.015,6628,242,252,,,,
1166,"417ak","Blown","Blue/green bottle",84,84,84.084,4801,242,252,,,,
1167,"417al","Blown","Blue/green bottle",84,107,84.107,6634,242,252,,971,181,
1168,"417am","Blown","Blue/green bottle",85,70,85.07,6247,242,252,,,,
1169,"417an","Blown","Blue/green bottle",92,90,92.09,5021,242,252,,,,
1170,"417ao","Blown","Blue/green bottle",92,21,92.021,3815,242,252,,972,181,
1171,"417ap","Blown","Blue/green bottle",92,61,92.061,6436,242,252,,,,
1172,"417aq","Blown","Blue/green bottle",92,65,92.065,6687,242,252,,,,
1173,"417ar","Blown","Blue/green bottle",92,71,92.071,6403,242,252,,,,
1174,"417as","Blown","Blue/green bottle",84,71,84.071,6625,242,252,,,,
1175,"417at","Blown","Blue/green bottle",84,82,84.082,6631,242,252,,,,
1176,"417au","Blown","Blue/green bottle",85,134,85.134,3046,0,0,,80,172,
1177,"417av","Blown","Blue/green bottle",91,72,91.072,3678,0,0,,81,172,
1178,"417aw","Blown","Blue/green bottle",91,106,91.106,6676,0,0,,,,
1179,"417ax","Blown","Blue/green bottle",97,148,97.148,4139,0,0,,553,176,
1180,"417ay","Blown","Blue/green bottle",97,156,97.156,4147,0,0,,82,172,
1181,"417az","Blown","Blue/green bottle",98,87,98.087,4381,0,0,,554,176,
1182,"417ba","Blown","Blue/green bottle",98,101,98.101,4395,0,0,,555,176,
1183,"417bb","Blown","Blue/green bottle",98,103,98.103,4397,0,0,,556,176,
1184,"417bc","Blown","Blue/green bottle",98,124,98.124,4418,0,0,,83,172,
1185,"417bd","Blown","Blue/green bottle",49,168,49.168,1649,0,0,,1065,183,
1186,"417be","Blown","Blue/green bottle",83,534,83.534,2740,0,0,,831,179,
1187,"417bf","Blown","Blue/green bottle",84,46,84.046,2836,0,0,,832,179,
1188,"417bg","Blown","Blue/green bottle",84,48,84.048,2838,0,0,,833,179,
1189,"417bh","Blown","Blue/green bottle",84,52,84.052,2842,0,0,,834,179,
1190,"417bi","Blown","Blue/green bottle",84,63,84.063,2853,0,0,,835,179,
1191,"417bj","Blown","Blue/green bottle",84,75,84.075,2861,0,0,,836,179,
1192,"417bk","Blown","Blue/green bottle",84,106,84.106,2871,0,0,,837,179,
1193,"417bl","Blown","Blue/green bottle",84,137,84.137,2887,0,0,,838,179,
1194,"417bm","Blown","Blue/green bottle",85,137,85.137,3048,0,0,,839,179,
1195,"417bn","Blown","Blue/green bottle",85,223,85.223,3078,0,0,,840,179,
1196,"417bo","Blown","Blue/green bottle",85,224,85.224,3079,0,0,,841,179,
1197,"417bp","Blown","Blue/green bottle",90,167,90.167,3482,0,0,,557,176,
1198,"417bq","Blown","Blue/green bottle",90,181,90.181,3496,0,0,,558,176,
1199,"417br","Blown","Blue/green bottle",90,174,90.174,3489,0,0,,559,176,
1200,"417bs","Blown","Blue/green bottle",90,222,90.222,3534,0,0,,560,176,
1201,"417bt","Blown","Blue/green bottle",91,23,91.023,3641,0,0,,842,179,
1202,"417bu","Blown","Blue/green bottle",91,117,91.117,3718,0,0,,79,172,
1203,"417bv","Blown","Blue/green bottle",92,18,92.018,3813,0,0,,973,181,
1204,"417bw","Blown","Blue/green bottle",93,3,93.003,6693,0,0,,,,
1205,"417bx","Blown","Blue/green bottle",98,68,98.068,4362,0,0,,561,176,
1206,"417by","Blown","Blue/green bottle",98,77,98.077,4371,0,0,,562,176,
1207,"417bz","Blown","Blue/green bottle",98,83,98.083,4377,0,0,,563,176,
1208,"417ca","Blown","Blue/green bottle",98,84,98.084,4378,0,0,,564,176,
1209,"417cb","Blown","Blue/green bottle",0,0,0.0,7001,0,0,,,,
1210,"417cc","Blown","Blue/green bottle",49,50,49.05,1594,0,0,,1066,183,
1211,"417cd","Blown","Blue/green bottle",49,116,49.116,1622,0,0,,1067,183,
1212,"417ce","Blown","Blue/green bottle",49,120,49.12,1625,0,0,,1068,183,
1213,"417cf","Blown","Blue/green bottle",58,2,58.002,1979,0,0,,1069,183,
1214,"417cg","Blown","Blue/green bottle",58,9,58.009,1986,0,0,,1070,183,
1215,"417ch","Blown","Blue/green bottle",59,1,59.001,1996,0,0,,1071,183,
1216,"417ci","Blown","Blue/green bottle",69,35,69.035,2232,0,0,,1071,183,
1217,"417cj","Blown","Blue/green bottle",80,5,80.005,2354,0,0,,565,176,
1218,"417ck","Blown","Blue/green bottle",80,7,80.007,2356,0,0,,566,176,
1219,"417cl","Blown","Blue/green bottle",80,51,80.051,2399,0,0,,567,176,
1220,"417cm","Blown","Blue/green bottle",80,84,80.084,2432,0,0,,568,176,
1221,"417cn","Blown","Blue/green bottle",80,115,80.115,2462,0,0,,569,176,
1222,"417co","Blown","Blue/green bottle",80,117,80.117,2464,0,0,,570,176,
1223,"417cp","Blown","Blue/green bottle",80,131,80.131,2477,0,0,,571,176,
1224,"417cq","Blown","Blue/green bottle",90,5,90.005,3320,0,0,,572,176,
1225,"417cr","Blown","Blue/green bottle",90,9,90.009,3324,0,0,,573,176,
1226,"417cs","Blown","Blue/green bottle",90,51,90.051,3366,0,0,,574,176,
1227,"417ct","Blown","Blue/green bottle",90,56,90.056,3371,0,0,,575,176,
1,1,"Cast","Polychrome",72,48,72.048,5816,1,243,3.1,,,
2,1,"Cast","Polychrome",72,119,72.119,5820,1,243,6.1,,,
3,2,"Cast","Polychrome",72,48,72.048,5816,2,243,6.1,,,
4,2,"Cast","Polychrome",72,119,72.119,5820,2,243,6.1,,,
5,3,"Cast","Polychrome",98,77,98.077,4371,3,243,6.1,95,,
6,4,"Cast","Polychrome",98,187,98.187,4475,4,243,,1,,
7,6,"Cast","Polychrome",78,16,78.016,6030,6,243,,,,
8,7,"Cast","Polychrome",91,193,91.193,6678,7,243,,,,
9,8,"Cast","Mid blue",78,5,78.005,6615,8,243,6.2,,,
10,"9b","Cast","Deep blue",78,33,78.033,6021,10,243,,,,
11,10,"Cast","Dark yellow/brown",0,0,0.0,7001,11,243,6.2,,,
12,11,"Cast","Dark yellow/brown",43,4,43.004,1361,13,243,,876,,
13,12,"Cast","Yellow/green",90,56,90.056,3371,14,243,6.2,,,
14,13,"Cast","Yellow/green",90,204,90.204,3517,15,243,6.2,97,,
15,15,"Cast","Blue/green",10,25,10.025,6567,17,243,6.2,,,
16,16,"Cast","Blue/green",77,2,77.002,2308,18,243,6.2,,,
17,17,"Cast","Blue/green",92,75,92.075,6690,19,243,,,,
18,18,"Cast","Blue/green",88,7,88.007,3215,20,243,,,,
19,"18b","Cast","Yellow/green",85,70,85.07,6247,21,243,,,,
20,19,"Cast","Blue/green",2,36,2.036,4773,22,243,,,,
21,20,"Cast","Blue/green",83,0,83.0,7000,23,243,6.2,,,
22,"20b","Cast","Blue/green",81,15,81.015,6628,24,243,,,,
23,"20c","Cast","Blue/green",92,61,92.061,6436,25,243,,,,
24,21,"Cast","Blue/green",72,26,72.026,5787,26,243,,,,
25,22,"Cast","Blue/green",91,23,91.023,3641,27,243,,664,,
26,"22b","Cast","Blue/green",9,23,9.023,6564,28,243,,,,
27,23,"Cast","Blue/green",84,347,84.347,6658,29,243,6.2,,,
28,"23b","Cast","Blue/green",9,21,9.021,394,30,243,,877,,
29,"23c","Cast","Blue/green",52,4,52.004,1761,31,243,,,,
30,23d,"Cast","Blue/green",92,71,92.071,6403,31,243,,,,
31,"23e","Cast","Blue/green",9,13,9.013,386,32,243,,878,,
32,23f,"Cast","Blue/green",83,536,83.536,2742,33,243,,665,,
33,"23g","Cast","Blue/green",84,52,84.052,2842,36,243,,666,,
34,"23h","Cast","Blue/green",83,544,83.544,2750,34,243,,667,,
35,"23i","Cast","Blue/green",84,351,84.351,6659,35,243,,,,
36,"23j","Cast","Blue/green",0,0,0.0,7001,37,243,,,,
37,"23k","Cast","Blue/green",8,18,8.018,6561,38,243,,,,
38,24,"Cast","Blue/green",86,41,86.041,3152,39,243,,668,,
39,"24b","Cast","Blue/green",9,22,9.022,6563,41,244,,,,
40,"24c","Cast","Blue/green",78,12,78.012,6027,41,244,,,,
41,24d,"Cast","Blue/green",84,79,84.079,6194,41,244,,,,
42,"24e","Cast","Blue/green",85,70,85.07,6247,41,244,,,,
43,24f,"Cast","Blue/green",84,81,84.081,2864,41,244,,669,,
44,"24g","Cast","Blue/green",84,132,84.132,2882,41,244,,670,,
45,"24i","Cast","Blue/green",91,159,91.159,3749,41,244,,,,
46,"24j","Cast","Blue/green",90,133,90.133,3448,41,244,,98,,
47,"24k","Cast","Blue/green",98,33,98.033,4327,41,244,,99,,
48,"24l","Cast","Blue/green",67,21,67.021,6596,41,244,,,,
49,25,"Cast","Polychrome",92,61,92.061,6436,42,244,6.2,,,
50,26,"Cast","Emerald green",92,61,92.061,6436,43,244,6.2,,,
51,27,"Cast","Emerald green",98,122,98.122,4416,44,244,6.2,100,,
52,"27b","Cast","Deep blue",14,37,14.037,6570,46,244,,,,
53,28,"Cast","Colourless",0,0,0.0,7001,47,244,6.3,671,,
54,29,"Cast","Colourless",0,0,0.0,7001,48,244,6.4,,,
55,30,"Cast","Colourless",68,0,68.0,7000,49,244,6.4,,,
56,31,"Cast","Colourless",0,0,0.0,7001,50,244,6.4,,,
57,32,"Cast","Colourless",80,119,80.119,2466,51,244,6.4,102,,4.37
58,33,"Cast","Colourless",41,6,41.006,6580,52,244,6.4,,,
59,34,"Cast","Colourless",41,6,41.006,6580,53,244,,,,
60,35,"Cast","Colourless",19,18,19.018,6572,54,244,6.4,,,
61,"35b","Cast","Colourless",92,18,92.018,3813,56,244,,880,,
62,"35c","Cast","Colourless",90,100,90.1,3415,57,244,,103,,
63,36,"Cast","Colourless",92,9,92.009,3804,58,244,6.4,879,,4.37
64,37,"Mould blown","Blue/green",51,21,51.021,1741,59,245,6.4,3,,
65,38,"Mould blown","Pale yellow",98,52,98.052,4346,60,245,6.4,104,,
66,39,"Mould blown","Blue/green",98,87,98.087,4381,61,245,6.4,105,,
67,40,"Mould blown","Deep blue",86,0,86.0,7000,62,245,6.4,,,
68,41,"Mould blown","Deep blue",14,37,14.037,6570,63,245,6.4,,,
69,42,"Mould blown","Deep blue",84,244,84.244,6647,64,245,6.4,,,
70,43,"Mould blown","Yellow/green",89,62,89.062,6671,65,245,6.4,,,
71,44,"Mould blown","Yellow/green",91,23,91.023,3641,66,245,6.4,,,
72,45,"Mould blown","Yellow/green",97,201,97.201,4190,67,245,,,,
73,46,"Mould blown","Yellow/green",98,0,98.0,7000,68,245,,,,
74,47,"Mould blown","Yellow/green",90,169,90.169,3484,69,245,6.4,,,
75,48,"Mould blown","Yellow/green",98,52,98.052,4346,70,245,,,,
76,49,"Mould blown","Yellow/green",98,138,98.138,4431,72,245,,106,,
77,50,"Mould blown","Colourless",19,18,19.018,6572,73,245,6.4,,,
78,51,"Mould blown","Colourless",98,102,98.102,4396,74,245,6.4,108,,
79,52,"Mould blown","Colourless",41,6,41.006,6580,75,245,6.4,,,
80,53,"Mould blown","Colourless",98,52,98.052,4346,76,245,6.4,109,,
81,54,"Mould blown","Colourless",89,87,89.087,6673,77,245,6.4,,,
82,55,"Mould blown","Colourless",98,83,98.083,4377,78,245,6.4,110,,
83,56,"Blown","Polychrome",93,3,93.003,6693,80,245,6.5,,,
84,57,"Blown","Polychrome",90,204,90.204,3517,81,245,6.5,111,,
85,58,"Blown","Polychrome",92,20,90.02,3335,82,246,,881,,
86,59,"Blown","Polychrome",92,71,92.071,6403,83,246,,,,
87,60,"Blown","Polychrome",84,244,84.244,6647,84,246,,,,
88,62,"Blown","Polychrome",83,534,83.534,2740,86,246,,672,,
89,63,"Blown","Polychrome",84,400,84.4,6119,87,246,,,,
90,64,"Blown","Polychrome",81,69,81.069,2589,88,246,,882,,
91,65,"Blown","Opaque pale blue",5,38,5.038,238,89,246,,,,
92,"65b","Blown","Opaque pale blue",63,15,63.015,2103,90,246,,4,,
93,66,"Blown","Opaque white",90,168,90.168,3483,91,246,,112,,
94,67,"Blown","Deep blue",98,196,98.196,6703,92,246,6.5,,,
95,68,"Blown","Deep blue",98,138,98.138,4431,93,246,6.5,114,,
96,69,"Blown","Deep blue",92,65,92.065,6687,94,246,6.5,,,
97,70,"Blown","Deep blue",91,298,91.298,6681,95,246,6.5,,,
98,71,"Blown","Deep blue",2,20,2.02,83,96,246,6.5,883,,
99,"71b","Blown","Deep blue",90,222,90.222,3534,97,246,,115,,
100,72,"Blown","Deep blue",50,31,50.031,6589,98,246,,,,
101,73,"Blown","Deep blue",5,36,5.036,236,99,246,6.5,884,,
102,74,"Blown","Deep blue",0,0,0.0,7001,100,246,6.5,,,
103,"74b","Blown","Deep blue",9,21,9.021,394,101,246,,885,,
104,"74c","Blown","Deep blue",41,6,41.006,6580,101,246,,,,
105,74d,"Blown","Deep blue",52,17,52.017,5658,101,246,,,,
106,"74e","Blown","Deep blue",70,16,70.016,6599,101,246,,,,
107,74f,"Blown","Deep blue",70,17,70.017,2281,101,246,,886,,
108,"74g","Blown","Deep blue",91,246,91.246,6680,101,246,,,,
109,"74h","Blown","Deep blue",92,61,92.061,6436,101,246,,,,
110,"74i","Blown","Deep blue",92,64,92.064,5006,101,246,,,,
111,"74j","Blown","Deep blue",92,72,92.072,4808,101,246,,,,
112,"74k","Blown","Deep blue",92,77,92.077,6382,101,246,,,,
113,"74l","Blown","Deep blue",98,237,98.237,4496,101,246,,116,,
114,"74m","Blown","Deep blue",98,178,98.178,4470,101,246,,5,,
115,"74n","Blown","Deep blue",50,30,50.03,1692,101,246,,887,,
116,"74p","Blown","Deep blue",98,68,98.068,4362,101,246,,117,,
117,"74q","Blown","Deep blue",84,71,84.071,6625,101,246,,,,
118,"74r","Blown","Deep blue",90,161,90.161,3476,101,246,,118,,
119,"74s","Blown","Deep blue",98,138,98.138,4431,101,246,,119,,
120,"74t","Blown","Deep blue",98,187,98.187,4475,101,246,,6,,
121,"74u","Blown","Deep blue",90,0,90.0,7000,101,246,,120,,
122,"74v","Blown","Deep blue",107,34,107.034,6707,101,246,,,,
123,"74w","Blown","Deep blue",0,0,0.0,7001,101,246,,,,
124,"74x","Blown","Deep blue",80,181,80.181,2524,101,246,,121,,
125,75,"Blown","Wine coloured",0,0,0.0,7001,102,246,,,,
126,76,"Blown","Yellow/brown",72,19,72.019,6603,103,246,6.5,,,
127,78,"Blown","Yellow/brown",90,170,90.17,3485,0,0,,122,172,
128,79,"Blown","Yellow/brown",22,2,22.002,862,0,0,,998,182,
129,80,"Blown","Yellow/brown",51,21,51.021,1741,104,246,,7,,
130,"80b","Blown","Yellow/brown",91,117,91.117,3718,0,0,,8,171,
131,81,"Blown","Yellow/brown",83,501,83.501,2708,0,0,,673,177,4.38
132,82,"Blown","Yellow/brown",0,0,0.0,7001,0,0,,,,
133,83,"Blown","Yellow/brown",90,157,90.157,3472,0,0,,123,172,4.38
134,84,"Blown","Yellow/brown",0,0,0.0,7001,0,0,,,,
135,86,"Blown","Yellow/brown",63,15,63.015,2103,0,0,,9,171,
136,"86b","Blown","Yellow/brown",41,6,41.006,6580,107,246,,,,
137,"86c","Blown","Yellow/brown",67,22,67.022,6597,107,246,,999,,
138,86d,"Blown","Yellow/brown",92,20,92.02,3814,107,246,,888,,
139,"86e","Blown","Yellow/brown",92,61,92.061,6436,107,246,,,,
140,86f,"Blown","Yellow/brown",93,2,93.002,3837,0,0,,674,,
141,"86g","Blown","Yellow/brown",97,156,97.156,4147,0,0,,10,,
142,"86h","Blown","Yellow/brown",90,142,90.142,3457,0,0,,124,,
143,"86i","Blown","Yellow/brown",90,169,90.169,3484,0,0,,125,,
144,"86j","Blown","Yellow/brown",90,204,90.204,3517,0,0,,126,,
145,"86k","Blown","Yellow/brown",0,16,101.016,6705,0,0,,,,
146,"86m","Blown","Yellow/brown",51,1,51.001,1725,0,0,,889,,
147,"86n","Blown","Yellow/brown",0,0,0.0,7001,0,0,,,,
148,"86o","Blown","Yellow/brown",0,0,0.0,7001,0,0,,,,
149,"86p","Blown","Yellow/brown",0,0,0.0,7001,0,0,,,,
150,"86p","Blown","Yellow/brown",63,15,63.015,2103,0,0,,11,,
151,"86q","Blown","Yellow/brown",98,143,98.143,4436,0,0,,12,,
152,"86r","Blown","Yellow/brown",88,6,88.006,3214,0,0,,675,,
153,"86s","Blown","Yellow/brown",90,222,90.222,3534,0,0,,127,,
154,"86t","Blown","Yellow/brown",98,84,98.084,4378,0,0,,128,,
155,"86u","Blown","Yellow/brown",97,72,97.072,4065,0,0,,129,,
156,"86v","Blown","Yellow/brown",84,49,84.049,2839,0,0,,676,,
157,"86w","Blown","Yellow/brown",86,22,86.022,3133,0,0,,677,,
158,"86y","Blown","Yellow/brown",98,0,98.0,7000,0,0,,130,,
159,"86z","Blown","Yellow/brown",0,0,0.0,7001,0,0,,,,
160,"86aa","Blown","Yellow/brown",90,125,90.125,3440,0,0,,131,,
161,"86ab","Blown","Yellow/brown",98,51,98.051,4345,0,0,,132,,
162,87,"Blown","Emerald green",84,339,84.339,6656,108,246,,,,
163,88,"Blown","Emerald green",70,17,70.017,2281,109,246,,,,
164,88,"Blown","Emerald green",70,20,70.02,6600,109,246,6.5,,,
1228,"417cu","Blown","Blue/green bottle",90,60,90.06,3375,0,0,,576,176,
1229,"417cv","Blown","Blue/green bottle",97,49,97.049,4042,0,0,,577,176,
1230,"417cw","Blown","Blue/green bottle",97,78,97.078,4071,0,0,,578,176,
1231,"417cx","Blown","Blue/green bottle",97,80,97.08,4073,0,0,,579,176,
1232,"417cy","Blown","Blue/green bottle",97,112,97.112,4103,0,0,,580,176,
1233,"417cz","Blown","Blue/green bottle",11,11,11.011,440,0,0,,974,181,
1234,"417da","Blown","Blue/green bottle",47,17,47.017,1430,0,0,,975,181,
1235,"417db","Blown","Blue/green bottle",50,25,50.025,1689,0,0,,976,181,
1236,"417dc","Blown","Blue/green bottle",50,70,50.07,1701,0,0,,977,181,
1237,"417dd","Blown","Blue/green bottle",51,3,51.003,1726,0,0,,978,181,
1238,"417de","Blown","Blue/green bottle",74,5,74.005,6612,0,0,,,,
1239,"417df","Blown","Blue/green bottle",80,99,80.099,2446,0,0,,581,176,
1240,"417dg","Blown","Blue/green bottle",83,111,83.111,2696,0,0,,843,179,
1241,"417dh","Blown","Blue/green bottle",83,502,83.502,2709,0,0,,844,179,
1242,"417di","Blown","Blue/green bottle",83,508,83.508,2715,0,0,,845,179,4
1243,"417dj","Blown","Blue/green bottle",83,516,83.516,2722,0,0,,846,179,
1244,"417dk","Blown","Blue/green bottle",83,544,83.544,2750,0,0,,847,179,
1245,"417dl","Blown","Blue/green bottle",84,49,84.049,2839,0,0,,848,179,
1246,"417dm","Blown","Blue/green bottle",84,103,84.103,2868,0,0,,849,179,
1247,"417dn","Blown","Blue/green bottle",84,178,84.178,2917,0,0,,850,179,
1248,"417do","Blown","Blue/green bottle",86,4,86.004,3115,0,0,,851,179,
1249,"417dp","Blown","Blue/green bottle",90,128,90.128,3443,0,0,,582,176,
1250,"417dq","Blown","Blue/green bottle",90,157,90.157,3472,0,0,,583,176,
1251,"417dr","Blown","Blue/green bottle",90,161,90.161,3476,0,0,,584,176,
1252,"417ds","Blown","Blue/green bottle",90,177,90.177,3492,0,0,,585,176,
1253,"417dt","Blown","Blue/green bottle",90,179,90.179,3494,0,0,,586,176,
1254,"417du","Blown","Blue/green bottle",90,189,90.189,3504,0,0,,587,176,
1255,"417dv","Blown","Blue/green bottle",90,189,90.189,3504,0,0,,588,176,
1256,"417dw","Blown","Blue/green bottle",90,191,90.191,3506,0,0,,589,176,
1257,"417dx","Blown","Blue/green bottle",90,204,90.204,3517,0,0,,590,176,
1258,"417dy","Blown","Blue/green bottle",90,209,90.209,3522,0,0,,591,176,
1259,"417dz","Blown","Blue/green bottle",90,226,90.226,3538,0,0,,592,176,
1260,"417ea","Blown","Blue/green bottle",91,46,91.046,3664,0,0,,852,179,
1261,"417eb","Blown","Blue/green bottle",91,56,91.056,3672,0,0,,853,179,
1262,"417ec","Blown","Blue/green bottle",91,94,91.094,3707,0,0,,854,179,
1263,"417ed","Blown","Blue/green bottle",91,503,91.503,3780,0,0,,855,179,
1264,"417ef","Blown","Blue/green bottle",97,48,97.048,4041,0,0,,593,176,
1265,"417eg","Blown","Blue/green bottle",98,8,98.008,4302,0,0,,594,176,
1266,"417eh","Blown","Blue/green bottle",98,13,98.013,4307,0,0,,595,176,
1267,"417ei","Blown","Blue/green bottle",98,52,98.052,4346,0,0,,596,176,
1268,"417ej","Blown","Blue/green bottle",98,61,98.061,4355,0,0,,597,176,
1269,"417ek","Blown","Blue/green bottle",98,88,98.088,4382,0,0,,598,176,
1270,"417el","Blown","Blue/green bottle",98,90,98.09,4384,0,0,,599,176,
1271,"417em","Blown","Blue/green bottle",98,97,98.097,4391,0,0,,84,172,
1272,"417en","Blown","Blue/green bottle",98,98,98.098,4392,0,0,,600,176,
1273,"417eo","Blown","Blue/green bottle",98,106,98.106,4400,0,0,,601,176,
1274,"417ep","Blown","Blue/green bottle",98,127,98.127,4421,0,0,,602,176,
1275,"417eq","Blown","Blue/green bottle",98,138,98.138,4431,0,0,,603,176,
1276,"417er","Blown","Blue/green bottle",98,144,98.144,4437,0,0,,85,172,
1277,"417es","Blown","Blue/green bottle",98,145,98.145,4438,0,0,,604,176,
1278,"417et","Blown","Blue/green bottle",98,170,98.17,4463,0,0,,605,176,
1279,"417eu","Blown","Blue/green bottle",98,180,98.18,6701,0,0,,,,
1280,"417ev","Blown","Blue/green bottle",70,0,70.0,7000,0,0,,979,181,
1281,"417ew","Blown","Blue/green bottle",71,0,71.0,7000,0,0,,,,
1282,"417ex","Blown","Blue/green bottle",80,0,80.0,7000,0,0,,606,176,
1283,"417ey","Blown","Blue/green bottle",85,0,85.0,7000,0,0,,856,179,
1284,"417ez","Blown","Blue/green bottle",87,0,87.0,7000,0,0,,857,179,
1285,"417fa","Blown","Blue/green bottle",90,0,90.0,7000,0,0,,607,176,
1286,"417fb","Blown","Blue/green bottle",92,0,92.0,7000,0,0,,980,181,
1287,"417fc","Blown","Blue/green bottle",97,0,97.0,7000,0,0,,608,176,
1288,"417fe","Blown","Blue/green bottle",98,0,98.0,7000,0,0,,609,176,
1289,"417fg","Blown","Blue/green bottle",1983,0,0.0,7001,0,0,,,,
1290,"417fh","Blown","Blue/green bottle",0,0,0.0,7001,0,0,,,,
1291,"417fq","Blown","Blue/green bottle",1983,0,0.0,7001,0,0,,,,
1292,"418a","Blown","Blue/green bottle",0,0,0.0,7001,0,0,,,,
1293,"418b","Blown","Blue/green bottle",63,15,63.015,2103,0,0,,88,172,
1294,"418c","Blown","Blue/green bottle",98,87,98.087,4381,0,0,,626,176,
1295,418d,"Blown","Blue/green bottle",84,48,84.048,2838,0,0,,862,179,
1296,"418e","Blown","Blue/green bottle",84,49,84.049,2839,0,0,,863,179,
1297,"418g","Blown","Blue/green bottle",41,6,41.006,6580,243,252,,,,
1298,"418h","Blown","Blue/green bottle",81,15,81.015,6628,243,252,,,,
1299,"418i","Blown","Blue/green bottle",84,360,84.36,6661,243,252,,,,
1300,"418j","Blown","Blue/green bottle",92,20,92.02,3814,243,252,,981,181,
1301,"418k","Blown","Blue/green bottle",91,191,91.191,3771,0,0,,89,172,
1302,"418l","Blown","Blue/green bottle",93,5,93.005,6694,0,0,,,,
1303,"418m","Blown","Blue/green bottle",93,6,93.006,6695,0,0,,,,
1304,"418n","Blown","Blue/green bottle",98,87,98.087,4381,0,0,,627,176,
1305,"418o","Blown","Blue/green bottle",98,148,98.148,4441,0,0,,90,172,
1306,"418p","Blown","Blue/green bottle",83,534,83.534,2740,0,0,,864,179,
1307,"418q","Blown","Blue/green bottle",84,52,84.052,2842,0,0,,865,179,
1308,"418r","Blown","Blue/green bottle",85,137,85.137,3048,0,0,,866,179,
1309,"418s","Blown","Blue/green bottle",93,1,93.001,3836,0,0,,867,179,
1310,"418t","Blown","Blue/green bottle",98,77,98.077,4371,0,0,,628,176,
1311,"418u","Blown","Blue/green bottle",98,52,98.052,4346,0,0,,629,176,
1312,"418v","Blown","Blue/green bottle",98,105,98.105,4399,0,0,,91,172,
1313,419,"Blown","Blue/green bottle",0,0,0.0,7001,244,252,6.7,,,
1314,420,"Cast","Dark yellow/brown",80,206,80.206,6039,12,243,6.2,,,
1315,421,"Cast","Blue/green",84,235,84.235,6644,40,243,,,,
1316,422,"Cast","Peacock",90,139,90.139,3454,45,244,6.2,,,
1317,423,"Cast","Colourless",91,138,91.138,3731,55,244,6.4,2,,4.37
1318,424,"Mould blown","Blue/green",80,181,80.181,2524,71,245,6.4,,,
1319,425,"Blown","Yellow/brown",84,216,84.216,6643,105,246,,,,
1320,426,"Blown","Pale green",84,0,84.0,7000,0,0,,687,177,
1321,"426b","Blown","Pale green",80,179,80.179,2522,0,0,,145,172,
1322,427,"Blown","Pale green",84,201,84.201,2920,0,0,,689,177,
1323,428,"Blown","Colourless",97,72,97.072,4065,0,0,,167,173,
1324,"428b","Blown","Colourless",90,100,90.1,3415,0,0,,182,173,
1325,"428c","Blown","Colourless",90,116,90.116,3431,0,0,,179,173,
1326,428d,"Blown","Colourless",98,21,98.021,4315,0,0,,172,173,
1327,"428e","Blown","Colourless",90,125,90.125,3440,0,0,,173,173,
1328,428f,"Blown","Colourless",90,144,90.144,3459,0,0,,174,173,
1329,429,"Blown","Colourless",98,40,98.04,4334,0,0,,186,173,4.40
1330,430,"Blown","Colourless",98,40,98.04,4334,0,0,,187,173,
1331,431,"Blown","Colourless",90,100,90.1,3415,0,0,,185,173,
1332,432,"Blown","Colourless",98,40,98.04,4334,0,0,,194,173,
1333,433,"Blown","Colourless",97,100,97.1,4091,0,0,,196,173,4.40
1334,434,"Blown","Colourless",98,20,98.02,4314,0,0,,204,173,
1335,435,"Blown","Colourless",90,125,90.125,3440,0,0,,215,173,
1336,436,"Blown","Colourless",97,52,97.052,4045,0,0,,205,173,
1337,437,"Blown","Blue/green",84,237,84.237,6645,172,249,,,,
1338,438,"Blown","Blue/green",90,125,90.125,3440,0,0,,283,174,4.44
1339,439,"Blown","Blue/green",98,40,98.04,4334,0,0,,284,174,
1340,440,"Blown","Blue/green",98,51,98.051,4345,0,0,,285,174,
1341,441,"Blown","Blue/green",84,216,84.216,6643,192,250,,,,
1342,442,"Blown","Blue/green",90,164,90.164,3479,0,0,,291,174,4.38
1343,443,"Blown","Blue/green",98,28,98.028,4322,0,0,,288,174,4.38
1344,444,"Blown","Blue/green",97,121,97.121,4112,186,250,6.6,295,174,
1345,445,"Blown","Blue/green",91,93,91.093,3706,0,0,,731,178,4.40
1346,446,"Blown","Blue/green",80,199,80.199,6623,199,250,,,,
1347,447,"Blown","Blue/green",98,28,98.028,4322,0,0,,293,174,4.38
1348,448,"Blown","Blue/green",98,20,98.02,4314,0,0,,327,175,
1349,449,"Blown","Blue/green",90,0,90.0,7000,0,0,,336,175,
1350,450,"Blown","Blue/green",90,88,90.088,3403,0,0,,314,174,
1351,451,"Blown","Blue/green",91,85,91.085,3699,0,0,,44,171,
1352,452,"Blown","Blue/green bottle",97,121,97.121,4112,0,0,,482,175,4.41
1353,"452b","Blown","Blue/green bottle",97,121,97.121,4112,0,0,,486,175,
1354,"452c","Blown","Blue/green bottle",97,121,97.121,4112,0,0,,487,175,
1355,452d,"Blown","Blue/green bottle",98,0,98.0,7000,0,0,,496,175,
1356,453,"Blown","Blue/green bottle",98,29,98.029,4323,0,0,,510,175,
1357,454,"Blown","Blue/green bottle",98,28,98.028,4322,0,0,,509,175,4.41
1358,"454b","Blown","Blue/green bottle",90,56,90.056,3371,0,0,,510,175,
1359,"454c","Blown","Blue/green bottle",91,93,91.093,3706,0,0,,804,178,
1360,454d,"Blown","Blue/green bottle",98,49,98.049,4243,0,0,,511,175,
1361,"454e","Blown","Blue/green bottle",90,163,90.163,3478,0,0,,512,175,
1362,454f,"Blown","Blue/green bottle",90,144,90.144,3459,0,0,,513,175,
1363,"454g","Blown","Blue/green bottle",98,60,98.06,4354,0,0,,514,175,
1364,"454h","Blown","Blue/green bottle",97,133,97.133,4124,0,0,,515,175,
1365,"454i","Blown","Blue/green bottle",80,71,80.071,2419,0,0,,516,175,
1366,"454j","Blown","Blue/green bottle",90,141,90.141,3456,0,0,,517,175,
1367,"454k","Blown","Blue/green bottle",90,0,90.0,7000,0,0,,518,175,
1368,455,"Blown","Blue/green bottle",97,100,97.1,4091,0,0,,519,175,
1369,456,"Blown","Blue/green bottle",80,178,80.178,2521,0,0,,523,175,
1370,457,"Blown","Blue/green bottle",84,108,84.108,6635,236,251,,,,
1371,458,"Blown","Blue/green bottle",90,101,90.101,3416,0,0,,527,176,4.42
1372,"458b","Blown","Blue/green bottle",84,124,84.124,6637,0,0,,,,
1373,"458c","Blown","Blue/green bottle",91,93,91.093,3706,0,0,,819,179,
1374,458d,"Blown","Blue/green bottle",84,137,84.137,2887,0,0,,817,179,
1375,459,"Blown","Blue/green bottle",90,82,90.082,3397,0,0,,530,176,4.43
1376,"460a","Blown","Blue/green bottle",80,71,80.071,2419,0,0,,546,176,
1377,"460b","Blown","Blue/green bottle",84,106,84.106,2871,0,0,,828,179,
1378,"460c","Blown","Blue/green bottle",84,137,84.137,2887,0,0,,829,179,
1379,460d,"Blown","Blue/green bottle",84,246,84.246,6649,0,0,,,,
1380,"460e","Blown","Blue/green bottle",90,101,90.101,3416,0,0,,547,176,
1381,460f,"Blown","Blue/green bottle",90,95,90.095,3410,0,0,,548,176,
1382,"460g","Blown","Blue/green bottle",97,100,97.1,4091,0,0,,549,176,
1383,"460h","Blown","Blue/green bottle",98,20,98.02,4314,0,0,,550,176,
1384,"460i","Blown","Blue/green bottle",98,21,98.021,4315,0,0,,551,176,
1385,"460j","Blown","Blue/green bottle",98,48,98.048,4342,0,0,,552,176,
1386,"460k","Blown","Blue/green bottle",84,107,84.107,6634,0,0,,,,
1387,"460l","Blown","Blue/green bottle",84,251,84.251,6651,0,0,,,,
1388,"460m","Blown","Blue/green bottle",91,181,91.181,3763,0,0,,86,172,
1389,"460n","Blown","Blue/green bottle",97,133,97.133,4124,0,0,,610,176,
1390,"460o","Blown","Blue/green bottle",80,74,80.074,2422,0,0,,611,176,
1391,"460p","Blown","Blue/green bottle",80,179,80.179,2522,0,0,,612,176,
1392,"460q","Blown","Blue/green bottle",80,182,80.182,2525,0,0,,613,176,
1393,"460r","Blown","Blue/green bottle",84,106,84.106,2871,0,0,,858,179,
1394,"460s","Blown","Blue/green bottle",84,137,84.137,2887,0,0,,859,179,
1395,"460t","Blown","Blue/green bottle",87,100,87.1,3185,0,0,,860,179,
1396,"460u","Blown","Blue/green bottle",90,51,90.051,3366,0,0,,614,176,
1397,"460v","Blown","Blue/green bottle",90,101,90.101,3416,0,0,,615,176,
1398,"460w","Blown","Blue/green bottle",90,116,90.116,3431,0,0,,616,176,
1399,"460x","Blown","Blue/green bottle",90,125,90.125,3440,0,0,,617,176,
1400,"460y","Blown","Blue/green bottle",90,128,90.128,3443,0,0,,618,176,
1401,"460z","Blown","Blue/green bottle",90,163,90.163,3478,0,0,,619,176,
1402,"460aa","Blown","Blue/green bottle",91,175,91.175,3757,0,0,,87,172,
1403,"460ab","Blown","Blue/green bottle",91,503,91.503,3780,0,0,,861,179,
1404,"460ac","Blown","Blue/green bottle",97,100,97.1,4091,0,0,,620,176,
1405,"460ad","Blown","Blue/green bottle",97,121,97.121,4112,0,0,,621,176,
1406,"460ae","Blown","Blue/green bottle",98,28,98.028,4322,0,0,,622,176,
1407,"460af","Blown","Blue/green bottle",98,40,98.04,4334,0,0,,623,176,
1408,"460ag","Blown","Blue/green bottle",80,0,80.0,7000,0,0,,624,176,
1409,"460ah","Blown","Blue/green bottle",90,0,90.0,7000,0,0,,625,176,
1410,"461a","Blown","Blue/green bottle",91,137,91.137,3730,0,0,,92,172,
1411,"461b","Blown","Blue/green bottle",91,181,91.181,3763,0,0,,93,172,
1412,"461c","Blown","Blue/green bottle",91,191,91.191,3771,0,0,,94,172,
1413,461d,"Blown","Blue/green bottle",97,133,97.133,4124,0,0,,868,179,
1414,"461e","Blown","Blue/green bottle",87,100,87.1,3185,0,0,,630,176,
1415,461f,"Blown","Blue/green bottle",90,100,90.1,3415,0,0,,631,176,
1416,462,"Blown","Blue/green bottle",98,21,98.021,4315,0,0,,,,
1417,463,"Blown","Black",90,100,90.1,3415,0,0,,113,,
1418,464,"Blown","Greenish colourless bubbly",82,11,82.011,2607,0,0,,1072,183,4.45
1419,465,"Blown","Greenish colourless bubbly",0,0,0.0,7001,0,0,,,,
1420,466,"Blown","Greenish colourless bubbly",90,29,90.029,3344,0,0,,632,176,4.45
1421,467,"Blown","Greenish colourless bubbly",97,121,97.121,4112,0,0,,633,176,4.45
1422,"467b","Blown","Greenish colourless bubbly",90,179,90.179,3494,0,0,,633,176,
1423,468,"Blown","Greenish colourless bubbly",47,15,47.015,1428,0,0,,982,181,4.45
1424,469,"Blown","Greenish colourless bubbly",91,94,91.094,3707,0,0,,869,179,4.45
1425,470,"Blown","Greenish colourless bubbly",90,14,90.014,3329,0,0,,634,176,
1426,471,"Blown","Greenish colourless bubbly",41,26,41.026,1333,0,0,,983,181,4.45
1427,472,"Blown","Greenish colourless bubbly",90,14,90.014,3329,0,0,,635,176,
1428,"472b","Blown","Greenish colourless bubbly",84,49,84.049,2839,0,0,,870,179,
1429,"472c","Blown","Greenish colourless bubbly",98,3,98.003,4297,0,0,,636,176,
1430,473,"Blown","Greenish colourless bubbly",0,0,0.0,7001,0,0,,,,
1431,474,"Blown","Greenish colourless bubbly",90,14,90.014,3329,0,0,,637,176,
1432,475,"Blown","Greenish colourless bubbly",91,55,91.055,3671,0,0,,871,179,
1433,476,"Blown","Greenish colourless bubbly",51,2,51.002,6592,0,0,,,,
1434,476,"Blown","Greenish colourless bubbly",51,3,51.003,1726,0,0,,984,181,4.45
1435,"476b","Blown","Greenish colourless bubbly",97,101,97.101,4092,0,0,,638,176,
1436,477,"Blown","Greenish colourless bubbly",0,0,0.0,7001,0,0,,,,
1437,478,"Blown","Greenish colourless bubbly",90,0,90.0,7000,0,0,,639,176,4.45
1438,479,"Blown","Greenish colourless bubbly",90,29,90.029,3344,0,0,,640,176,4.45
1439,480,"Blown","Greenish colourless bubbly",90,56,90.056,3371,0,0,,641,176,4.45
1440,481,"Blown","Greenish colourless bubbly",0,0,0.0,7001,0,0,,,,
1441,482,"Blown","Greenish colourless bubbly",70,2,70.002,2267,0,0,,985,181,
1442,483,"Blown","Greenish colourless bubbly",97,121,97.121,4112,0,0,,642,176,
1443,484,"Blown","Greenish colourless bubbly",50,26,50.026,1690,0,0,,,,
1444,485,"Blown","Greenish colourless bubbly",0,0,0.0,7001,0,0,,,,
1445,486,"Blown","Greenish colourless bubbly",0,0,0.0,7001,0,0,,986,181,4.45
1446,487,"Blown","Greenish colourless bubbly",90,51,90.051,3366,0,0,,643,177,
1447,488,"Blown","Greenish colourless bubbly",90,0,90.0,7000,0,0,,,,
1448,489,"Blown","Greenish colourless bubbly",82,1,82.001,2597,0,0,,644,177,
1449,490,"Blown","Greenish colourless bubbly",70,1,70.001,2266,0,0,,1073,183,4.46
1450,491,"Blown","Greenish colourless bubbly",90,0,90.0,7000,0,0,,645,177,4.46
1451,492,"Blown","Greenish colourless bubbly",96,21,96.021,3840,0,0,,987,181,4.46
1452,493,"Blown","Greenish colourless bubbly",90,9,90.009,3324,0,0,,646,177,
1453,"493b","Blown","Greenish colourless bubbly",90,35,90.035,3350,0,0,,647,177,
1454,494,"Blown","Greenish colourless bubbly",58,5,58.005,1982,0,0,,1074,183,4.46
1455,495,"Blown","Greenish colourless bubbly",85,227,85.227,3082,0,0,,872,179,
1456,"495b","Blown","Greenish colourless bubbly",90,35,90.035,3350,0,0,,648,177,
1457,"495c","Blown","Greenish colourless bubbly",90,0,90.0,7000,0,0,,649,177,
1458,495d,"Blown","Greenish colourless bubbly",0,0,0.0,7001,0,0,,,,
1459,496,"Blown","Greenish colourless bubbly",91,56,91.056,3672,0,0,,873,179,
1460,497,"Blown","Greenish colourless bubbly",96,21,96.021,3840,0,0,,650,177,
1461,498,"Blown","Greenish colourless bubbly",0,0,0.0,7001,0,0,,,,
1462,499,"Blown","Greenish colourless bubbly",96,21,96.021,3840,0,0,,651,177,4.46
1463,"499b","Blown","Greenish colourless bubbly",85,112,85.112,3024,0,0,,874,179,
1464,"499c","Blown","Greenish colourless bubbly",90,7,90.007,3322,0,0,,652,177,
1465,500,"Blown","Greenish colourless bubbly",80,3,80.003,2352,0,0,,653,177,
1466,501,"Blown","Greenish colourless bubbly",90,87,90.087,3402,0,0,,654,177,
1467,502,"Blown","Greenish colourless bubbly",0,0,0.0,7001,0,0,,,,
1468,503,"Blown","Greenish colourless bubbly",0,0,0.0,7001,0,0,,,,
1469,"503b","Blown","Greenish colourless bubbly",90,21,90.021,3336,0,0,,655,177,
1470,504,"Blown","Greenish colourless bubbly",0,0,0.0,7001,0,0,,,,
1471,"504b","Blown","Greenish colourless bubbly",98,138,98.138,4431,0,0,,657,,
1472,"504c","Blown","Greenish colourless bubbly",80,7,80.007,2356,0,0,,658,,
1473,504d,"Blown","Greenish colourless bubbly",90,5,90.005,3320,0,0,,659,,
1474,"504e","Blown","Greenish colourless bubbly",90,7,90.007,3322,0,0,,660,,
1475,504f,"Blown","Greenish colourless bubbly",90,9,90.009,3324,0,0,,661,,
1476,"504g","Blown","Greenish colourless bubbly",90,33,90.033,3348,0,0,,662,,
1477,"504h","Blown","Greenish colourless bubbly",90,0,90.0,7000,0,0,,663,,
1478,"504i","Blown","Greenish colourless bubbly",58,2,58.002,1979,0,0,,1075,,
1479,"504j","Blown","Greenish colourless bubbly",91,55,91.055,3671,0,0,,875,,
1480,"504j","Blown","Greenish colourless bubbly",0,0,0.0,7001,0,0,,,,
224,118,"Blown","Yellow/green",97,156,97.156,4147,0,0,,21,171,
225,119,"Blown","Yellow/green",84,71,84.071,6625,136,247,6.5,,,
226,120,"Blown","Yellow/green",91,94,91.094,3707,0,0,,690,177,
227,"120b","Blown","Yellow/green",91,110,91.11,6677,137,247,,,,
228,121,"Blown","Yellow/green",98,51,98.052,4346,0,0,,146,172,
229,"121b","Blown","Yellow/green",0,0,0.0,7001,0,0,,,,
230,122,"Blown","Yellow/green",84,357,84.357,6660,138,247,,,,
231,"122b","Blown","Yellow/green",72,67,72.067,5828,139,248,,,,
232,"122c","Blown","Yellow/green",84,410,84.41,6665,139,248,,,,
233,122d,"Blown","Yellow/green",85,70,85.07,6247,139,248,,,,
234,"122e","Blown","Yellow/green",85,238,85.238,3089,139,248,,22,,
235,122f,"Blown","Yellow/green",84,71,84.071,6625,139,248,,,,
236,"122g","Blown","Yellow/green",98,196,98.196,6703,139,248,,,,
237,"122h","Blown","Yellow/green",77,8,77.008,6614,0,0,,,,
238,"122i","Blown","Yellow/green",98,119,98.119,4413,0,0,,23,,
239,"122j","Blown","Yellow/green",98,124,98.124,4418,0,0,,24,,
240,"122k","Blown","Yellow/green",98,132,98.132,4425,0,0,,25,,
241,"122l","Blown","Yellow/green",98,190,98.19,4478,0,0,,26,,
242,"122m","Blown","Yellow/green",84,63,84.063,2853,0,0,,691,,
243,"122n","Blown","Yellow/green",85,224,85.224,3079,0,0,,692,,
244,"122o","Blown","Yellow/green",86,40,86.04,3151,0,0,,693,,
245,"122p","Blown","Yellow/green",86,42,86.042,3153,0,0,,694,,
246,"122q","Blown","Yellow/green",90,174,90.174,3489,0,0,,147,,
247,"122r","Blown","Yellow/green",90,9,90.009,3324,0,0,,148,,
248,"122s","Blown","Yellow/green",67,72,67.072,6598,0,0,,,,
249,"122t","Blown","Yellow/green",83,530,83.53,2736,0,0,,695,,
250,"122u","Blown","Yellow/green",91,94,91.094,3707,0,0,,696,,
251,"122v","Blown","Yellow/green",98,52,98.052,4346,0,0,,149,,
252,"122w","Blown","Yellow/green",98,61,98.061,4355,0,0,,150,,
253,"122x","Blown","Yellow/green",98,173,98.173,4466,0,0,,27,,
254,"122y","Blown","Yellow/green",92,61,92.061,6436,139,248,,,,
255,"122z","Blown","Yellow/green",98,87,98.087,4381,0,0,,154,,
256,"122aa","Blown","Yellow/green",98,132,98.132,4425,0,0,,28,,
257,"122ab","Blown","Yellow/green",98,154,98.154,4447,0,0,,29,,
258,"122ac","Blown","Yellow/green",98,165,98.165,4458,0,0,,30,,
259,"122ad","Blown","Yellow/green",83,534,83.534,2740,0,0,,697,,
260,"122ae","Blown","Yellow/green",85,224,85.224,3079,0,0,,698,,
261,"122af","Blown","Yellow/green",90,35,90.035,3350,0,0,,155,,
262,"122ag","Blown","Yellow/green",83,526,83.526,2732,0,0,,699,,
263,"122ah","Blown","Yellow/green",90,217,90.217,3530,0,0,,156,,
264,"122ai","Blown","Yellow/green",98,93,98.093,4387,0,0,,157,,
265,"122aj","Blown","Yellow/green",98,0,98.0,7000,0,0,,158,,
266,"122ak","Blown","Yellow/green",90,33,90.033,3348,0,0,,151,,
267,"122al","Blown","Yellow/green",90,56,90.056,3371,0,0,,152,,
268,"122am","Blown","Yellow/green",90,118,90.118,3433,0,0,,153,,
269,123,"Blown","Colourless",91,94,91.094,3707,140,248,6.5,700,,4.37
270,124,"Blown","Colourless",91,94,91.094,3707,141,248,6.5,701,,
271,125,"Blown","Colourless",90,169,90.169,3484,142,248,6.5,159,,4.37
272,"126b","Blown","Colourless",0,0,0.0,7001,144,248,,,,
273,127,"Blown","Colourless",10,25,10.025,6567,145,248,6.5,,,
274,128,"Blown","Colourless",81,15,81.015,6628,146,248,6.5,,,
275,129,"Blown","Colourless",91,117,91.117,3718,147,248,6.5,31,,4.37
276,130,"Blown","Colourless",6,37,6.037,6557,148,248,6.5,,,
277,131,"Blown","Colourless",90,178,90.178,3493,149,248,,160,,
278,132,"Blown","Colourless",43,6,43.006,1363,150,248,6.5,897,,4.37
279,133,"Blown","Colourless",83,523,83.523,2729,151,248,6.5,702,,4.37
280,134,"Blown","Colourless",53,11,53.011,6595,152,248,6.5,,,
281,135,"Blown","Colourless",5,38,5.038,238,153,248,6.5,,,
282,136,"Blown","Colourless",0,0,0.0,7001,154,248,6.5,,,
283,138,"Blown","Colourless",0,0,0.0,7001,0,0,,,,
284,139,"Blown","Colourless",22,33,22.033,893,0,0,,1002,182,4.37
285,142,"Blown","Colourless",85,127,85.127,3039,0,0,,703,177,4.37
286,144,"Blown","Colourless",0,0,0.0,7001,0,0,,,,
287,146,"Blown","Colourless",98,3,98.003,4297,0,0,,161,172,4.45
288,147,"Blown","Colourless",98,20,98.02,4314,0,0,,162,172,4.45
289,148,"Blown","Colourless",86,0,86.0,7000,0,0,,704,177,
290,149,"Blown","Colourless",80,117,80.117,2464,0,0,,163,172,
291,150,"Blown","Colourless",84,71,84.071,6625,156,248,6.5,,,
292,151,"Blown","Colourless",98,52,98.052,4346,157,248,6.5,164,,4.37
293,152,"Blown","Colourless",85,70,85.07,6247,158,248,6.5,,,
294,153,"Blown","Colourless",0,0,0.0,7001,0,0,,,,
295,154,"Blown","Colourless",0,0,0.0,7001,0,0,,,,
296,155,"Blown","Colourless",86,3,86.003,3114,0,0,,705,177,4.37
297,156,"Blown","Colourless",63,0,63.0,7000,0,0,,898,179,4.37
298,157,"Blown","Colourless",98,81,98.081,4375,0,0,,165,172,4.37
299,158,"Blown","Colourless",90,167,90.167,3482,0,0,,166,173,4.37
300,159,"Blown","Colourless",0,0,0.0,7001,0,0,,,,
301,160,"Blown","Colourless",0,0,0.0,7001,0,0,,,,
302,162,"Blown","Colourless",0,0,0.0,7001,0,0,,,,
303,"162b","Blown","Colourless",58,9,58.009,1986,0,0,,1003,182,
304,163,"Blown","Colourless",90,205,90.205,3518,0,0,,168,173,
305,164,"Blown","Colourless",16,162,16.162,6571,0,0,,,,
306,165,"Blown","Colourless",0,0,0.0,7001,0,0,,,,
307,166,"Blown","Colourless",0,0,0.0,7001,0,0,,,,
308,167,"Blown","Colourless",98,20,98.02,4314,0,0,,169,173,
309,"167b","Blown","Colourless",90,144,90.144,3459,0,0,,170,173,
310,"167c","Blown","Colourless",84,143,84.143,6646,0,0,,,,
311,167d,"Blown","Colourless",97,119,97.119,4110,0,0,,171,173,
312,"167e","Blown","Colourless",0,0,0.0,7001,0,0,,,,
313,167f,"Blown","Colourless",90,29,90.029,3344,0,0,,175,173,
314,"167g","Blown","Colourless",90,204,90.204,3517,0,0,,176,173,
315,"167h","Blown","Colourless",90,205,90.205,3518,0,0,,177,173,
316,"167i","Blown","Colourless",90,207,90.207,3520,0,0,,178,173,
317,"167j","Blown","Colourless",0,0,0.0,7001,0,0,,,,
318,"167k","Blown","Colourless",98,69,98.069,4363,0,0,,180,173,
319,"167l","Blown","Colourless",98,106,98.106,4400,0,0,,181,173,
320,168,"Blown","Colourless",86,21,86.021,3132,0,0,,706,177,4.37
321,169,"Blown","Colourless",80,130,80.13,2476,0,0,,183,173,4.40
322,170,"Blown","Colourless",58,2,58.002,1979,0,0,,1004,182,4.40
323,171,"Blown","Colourless",0,0,0.0,7001,0,0,,,,
324,"171b","Blown","Colourless",80,129,80.129,2475,0,0,,184,173,
325,"171c","Blown","Colourless",84,48,84.048,2838,0,0,,707,177,
326,172,"Blown","Colourless",83,503,83.503,2710,0,0,,708,177,4.40
327,173,"Blown","Colourless",22,0,22.0,7000,0,0,,1005,182,4.40
328,174,"Blown","Colourless",71,0,71.0,7000,0,0,,,,
329,175,"Blown","Colourless",0,0,0.0,7001,0,0,,,,
330,176,"Blown","Colourless",86,0,86.0,7000,0,0,,709,177,
331,177,"Blown","Colourless",71,0,71.0,7000,0,0,,,,
332,"178b","Blown","Colourless",90,62,90.062,3377,0,0,,188,173,
333,179,"Blown","Colourless",0,0,0.0,7001,0,0,,,,
334,180,"Blown","Colourless",98,81,98.081,4375,0,0,,189,173,
335,181,"Blown","Colourless",97,25,97.025,4018,0,0,,190,173,
336,182,"Blown","Colourless",0,0,0.0,7001,0,0,,,,
337,"182b","Blown","Colourless",64,10,64.01,2122,0,0,,1006,182,
338,183,"Blown","Colourless",50,32,50.032,1693,0,0,,899,179,4.40
339,184,"Blown","Colourless",0,0,0.0,7001,0,0,,,,
340,185,"Blown","Colourless",44,24,44.024,6585,0,0,,,,
341,186,"Blown","Colourless",0,0,0.0,7001,0,0,,,,
342,"186b","Blown","Colourless",90,177,90.177,3492,0,0,,191,173,
343,"186c","Blown","Colourless",80,99,80.099,2446,0,0,,192,173,
344,187,"Blown","Colourless",86,21,86.021,3132,0,0,,710,178,4.45
345,188,"Blown","Colourless",98,61,98.061,4355,0,0,,193,173,
346,189,"Blown","Colourless",56,2,56.002,1862,0,0,,1007,182,4.40
347,"189b","Blown","Colourless",90,100,90.1,3415,0,0,,195,173,
348,190,"Blown","Colourless",80,3,80.003,2352,0,0,,197,173,
349,"190b","Blown","Colourless",86,3,86.003,3114,0,0,,711,178,
350,191,"Blown","Colourless",0,0,0.0,7001,159,249,,,,
351,192,"Blown","Colourless",0,0,0.0,7001,160,249,6.5,,,
352,193,"Blown","Colourless",84,103,84.103,2868,161,249,6.5,712,178,
353,194,"Blown","Colourless",90,56,90.056,3371,0,0,,198,173,
354,195,"Blown","Colourless",97,51,97.051,4044,0,0,,199,173,4.46
355,196,"Blown","Colourless",37,0,37.0,7000,0,0,,389,175,
356,197,"Blown","Colourless",98,88,98.088,4382,0,0,,200,173,
357,198,"Blown","Colourless",22,3,22.003,863,0,0,,1008,182,
358,199,"Blown","Colourless",62,1,62.001,2063,0,0,,1009,182,
359,"199b","Blown","Colourless",98,12,98.012,4306,0,0,,201,173,
360,200,"Blown","Colourless",90,179,90.179,3494,0,0,,202,173,
361,"200b","Blown","Colourless",98,20,98.02,4314,0,0,,203,173,
362,202,"Blown","Colourless",98,0,98.0,7000,0,0,,206,173,4.46
363,203,"Blown","Colourless",98,127,98.127,4421,0,0,,207,173,4.46
364,204,"Blown","Colourless",98,140,98.14,4433,0,0,,208,173,
365,"204b","Blown","Colourless",38,44,38.044,1255,0,0,,990,181,
366,"205b","Blown","Colourless",16,95,16.095,707,0,0,,1010,182,
367,"205c","Blown","Colourless",80,0,80.0,7000,0,0,,209,173,
368,205d,"Blown","Colourless",80,4,80.004,2353,0,0,,210,173,
369,"205e","Blown","Colourless",80,5,80.005,2354,0,0,,211,173,
370,206,"Blown","Colourless",33,0,33.0,7000,0,0,,900,180,
371,207,"Blown","Colourless",98,90,98.09,4384,0,0,,212,173,
372,"207b","Blown","Colourless",98,12,98.012,4306,0,0,,213,173,
373,"207c","Blown","Colourless",97,133,97.133,4124,0,0,,214,173,
374,208,"Blown","Colourless",29,8,29.008,1034,0,0,,216,173,
375,"208b","Blown","Colourless",90,204,90.204,3517,0,0,,217,173,
376,"208c","Blown","Colourless",97,133,97.133,4124,0,0,,218,173,
377,208d,"Blown","Colourless",90,95,90.095,3410,0,0,,219,173,
378,209,"Blown","Colourless",97,156,97.156,4147,0,0,,32,171,
379,210,"Blown","Colourless",0,0,0.0,7001,0,0,,,,
380,"210b","Blown","Colourless",51,21,51.021,1741,162,249,,33,,
381,"210c","Blown","Colourless",72,67,72.067,5828,162,249,,,,
382,210d,"Blown","Colourless",84,145,84.145,6639,162,249,,,,
383,"210e","Blown","Colourless",91,193,91.193,6678,162,249,,,,
384,210f,"Blown","Colourless",97,148,97.148,4139,0,0,,220,,
385,"210g","Blown","Colourless",98,87,98.087,4381,0,0,,221,,
386,"210h","Blown","Colourless",98,124,98.124,4418,0,0,,34,,
387,"210i","Blown","Colourless",98,143,98.143,4436,0,0,,35,,
388,"210j","Blown","Colourless",84,137,84.137,2887,0,0,,713,,
389,"210k","Blown","Colourless",90,174,90.174,3489,0,0,,222,,
390,"210l","Blown","Colourless",90,181,90.181,3496,0,0,,223,,
391,"210m","Blown","Colourless",90,222,90.222,3534,0,0,,224,,
392,"210n","Blown","Colourless",92,4,92.004,3800,0,0,,901,,
393,"210o","Blown","Colourless",98,77,98.077,4371,0,0,,225,,
394,"210p","Blown","Colourless",57,13,57.013,1933,0,0,,1012,,
395,"210q","Blown","Colourless",58,1,58.001,1978,0,0,,1013,,
396,"210r","Blown","Colourless",80,3,80.003,2352,0,0,,226,,
397,"210s","Blown","Colourless",80,7,80.007,2356,0,0,,227,,
398,"210t","Blown","Colourless",80,5,80.005,2354,0,0,,228,,
399,"210u","Blown","Colourless",80,143,80.143,2488,0,0,,229,,
400,"210v","Blown","Colourless",80,119,80.119,2466,0,0,,230,,
401,"210w","Blown","Colourless",80,131,80.131,2477,0,0,,231,,
402,"210x","Blown","Colourless",90,84,90.084,3399,0,0,,232,,
403,"210y","Blown","Colourless",97,119,97.119,4110,0,0,,233,,
404,"210z","Blown","Colourless",83,113,83.113,2698,0,0,,714,,
405,"210aa","Blown","Colourless",83,114,83.114,2699,0,0,,715,,
406,"210ab","Blown","Colourless",83,508,83.508,2715,0,0,,716,,
407,"210ac","Blown","Colourless",83,523,83.523,2729,0,0,,717,,
408,"210ad","Blown","Colourless",84,103,84.103,2868,0,0,,718,,
409,"210ae","Blown","Colourless",84,207,84.207,6641,0,0,,,,
410,"210af","Blown","Colourless",90,161,90.161,3476,0,0,,234,,
411,"210ag","Blown","Colourless",90,178,90.178,3493,0,0,,235,,
412,"210ah","Blown","Colourless",90,204,90.204,3517,0,0,,236,,
413,"210ai","Blown","Colourless",90,205,90.205,3518,0,0,,237,,
414,"210aj","Blown","Colourless",90,206,90.206,3519,0,0,,238,,
415,"210ak","Blown","Colourless",91,46,91.046,3664,0,0,,719,,
416,"210al","Blown","Colourless",91,56,91.056,3672,0,0,,720,,
417,"210am","Blown","Colourless",97,197,97.197,4188,0,0,,36,,
418,"210an","Blown","Colourless",98,5,98.005,4299,0,0,,239,,
419,"210ao","Blown","Colourless",98,8,98.008,4302,0,0,,240,,
420,"210ap","Blown","Colourless",98,19,98.019,4313,0,0,,241,,
421,"210aq","Blown","Colourless",98,20,98.02,4314,0,0,,242,,
422,"210ar","Blown","Colourless",98,61,98.061,4355,0,0,,243,,
423,"210as","Blown","Colourless",98,69,98.069,4363,0,0,,244,,
424,"210at","Blown","Colourless",98,75,98.075,4369,0,0,,245,,
425,"210au","Blown","Colourless",98,78,98.078,4372,0,0,,246,,
426,"210av","Blown","Colourless",98,81,98.081,4375,0,0,,247,,
427,"210aw","Blown","Colourless",98,90,98.09,4384,0,0,,248,,
428,"210ax","Blown","Colourless",98,93,98.093,4387,0,0,,249,,
429,"210az","Blown","Colourless",98,98,98.098,4392,0,0,,250,,
430,"210ba","Blown","Colourless",98,108,98.108,4402,0,0,,251,,
431,"210bb","Blown","Colourless",98,138,98.138,4431,0,0,,252,,
432,"210bc","Blown","Colourless",98,139,98.139,4432,0,0,,253,,
433,"210bf","Blown","Colourless",16,0,16.0,7000,0,0,,1014,,
434,"210bg","Blown","Colourless",48,14,48.014,1463,0,0,,1014,,
435,"210bh","Blown","Colourless",90,0,90.0,7000,0,0,,254,,
436,"210bi","Blown","Colourless",92,0,92.0,7000,0,0,,901,,
437,"210bj","Blown","Colourless",98,0,98.0,7000,0,0,,255,,
438,"210bl","Blown","Colourless",0,0,0.0,7001,0,0,,,,
439,"210bm","Blown","Colourless",84,235,84.235,6644,162,249,,,,
440,"210bn","Blown","Colourless",80,181,80.181,2524,0,0,,256,,
441,"210bo","Blown","Colourless",91,137,91.137,3730,0,0,,37,,
442,"210bp","Blown","Colourless",97,133,97.133,4124,0,0,,257,,
443,"210bq","Blown","Colourless",80,74,80.074,2422,0,0,,258,,
444,"210br","Blown","Colourless",90,56,90.056,3371,0,0,,259,,
445,"210bs","Blown","Colourless",90,92,90.092,3407,0,0,,260,,
446,"210bt","Blown","Colourless",90,95,90.095,3410,0,0,,261,,
447,"210bu","Blown","Colourless",90,101,90.101,3416,0,0,,262,,
448,"210bv","Blown","Colourless",90,120,90.12,3435,0,0,,263,,
449,"210bw","Blown","Colourless",90,125,90.125,3440,0,0,,264,,
450,"210bx","Blown","Colourless",90,139,90.139,3454,0,0,,265,,
451,"210by","Blown","Colourless",97,100,97.1,4091,0,0,,266,,
452,"210bz","Blown","Colourless",98,40,98.04,4334,0,0,,267,,
453,"210ca","Blown","Colourless",98,46,98.046,4340,0,0,,268,,
454,"210cb","Blown","Colourless",98,47,98.047,4341,0,0,,269,,
455,211,"Blown","Blue/green",0,0,0.0,7001,163,249,6.6,,,
456,212,"Blown","Blue/green",73,25,73.025,6610,164,249,6.6,,,
457,213,"Blown","Blue/green",50,18,50.018,5528,165,249,6.6,,,
458,214,"Blown","Blue/green",0,0,0.0,7001,166,249,6.6,,,
459,215,"Blown","Blue/green",19,18,19.018,6572,167,249,6.6,,,
460,216,"Blown","Blue/green",0,0,0.0,7001,168,249,,,,
461,217,"Blown","Blue/green",98,138,98.138,4431,169,249,6.6,270,,
462,218,"Blown","Blue/green",78,5,78.005,6615,170,249,,,,
463,219,"Blown","Blue/green",72,48,72.048,5816,171,249,6.6,,,
464,220,"Blown","Blue/green",92,20,92.02,3814,173,249,6.6,902,,
465,221,"Blown","Blue/green",92,61,92.061,6436,174,249,,,,
466,222,"Blown","Blue/green",90,167,90.167,3482,175,249,6.6,271,,
467,"222b","Blown","Blue/green",85,248,85.248,6667,176,249,,,,
468,"222c","Blown","Blue/green",92,61,92.061,6436,177,249,,,,
469,222d,"Blown","Blue/green",10,21,10.021,5319,177,249,,,,
470,"222e","Blown","Blue/green",0,9,109.009,4598,177,249,,991,,
471,222f,"Blown","Blue/green",0,0,0.0,7001,177,249,,,,
472,223,"Blown","Blue/green",85,238,85.238,3089,178,249,6.6,38,,
473,224,"Blown","Blue/green",0,0,0.0,7001,179,250,,,,
474,225,"Blown","Blue/green",0,0,0.0,7001,180,250,6.6,,,
475,226,"Blown","Blue/green",0,0,0.0,7001,181,250,6.6,,,
476,"226b","Blown","Blue/green",92,61,92.061,6436,182,250,,,,
477,"226c","Blown","Blue/green",92,61,92.061,6436,183,250,,,,
478,226d,"Blown","Blue/green",98,138,98.138,4431,183,250,,272,,
479,227,"Blown","Blue/green",51,21,51.021,1741,184,250,6.6,39,,4.37
480,228,"Blown","Blue/green",90,56,90.056,3371,0,0,,273,174,4.39
481,229,"Blown","Blue/green",80,3,80.003,2352,0,0,,274,174,
482,230,"Blown","Blue/green",98,83,98.083,4377,0,0,,275,174,4.39
483,231,"Blown","Blue/green",90,205,90.205,3518,0,0,,276,174,
484,232,"Blown","Blue/green",63,0,63.0,7000,0,0,,903,180,4.39
485,233,"Blown","Blue/green",0,0,0.0,7001,0,0,,,,
486,234,"Blown","Blue/green",98,124,98.124,4418,0,0,,40,171,
487,235,"Blown","Blue/green",0,0,0.0,7001,0,0,,,,
488,236,"Blown","Blue/green",98,126,98.126,4420,0,0,,277,174,4.40
489,237,"Blown","Blue/green",98,83,98.083,4377,0,0,,278,174,4.39
490,238,"Blown","Blue/green",92,45,92.045,3833,0,0,,904,180,4.39
491,239,"Blown","Blue/green",84,49,84.049,2839,0,0,,905,180,4.39
492,240,"Blown","Blue/green",84,45,84.045,2835,0,0,,721,178,4.39
493,241,"Blown","Blue/green",58,5,58.005,1982,0,0,,1015,182,4.39
494,242,"Blown","Blue/green",84,0,84.0,7000,0,0,,722,178,
495,"242b","Blown","Blue/green",92,18,92.018,3813,0,0,,906,180,
496,243,"Blown","Blue/green",0,0,0.0,7001,0,0,,,,
497,244,"Blown","Blue/green",84,49,84.049,2839,0,0,,723,178,4.39
498,245,"Blown","Blue/green",80,49,80.049,2397,0,0,,279,174,4.39
499,246,"Blown","Blue/green",91,56,91.056,3672,0,0,,724,178,4.44
500,247,"Blown","Blue/green",33,2,33.002,1071,0,0,,907,180,4.44
501,248,"Blown","Blue/green",0,0,0.0,7001,0,0,,,,
502,249,"Blown","Blue/green",0,0,0.0,7001,0,0,,,,
503,250,"Blown","Blue/green",0,0,0.0,7001,0,0,,,,
504,251,"Blown","Blue/green",0,0,0.0,7001,0,0,,,,
505,252,"Blown","Blue/green",47,17,47.017,1430,0,0,,908,180,4.44
506,253,"Blown","Blue/green",98,12,98.012,4306,0,0,,280,174,
507,254,"Blown","Blue/green",22,2,22.002,862,0,0,,1016,182,4.44
508,255,"Blown","Blue/green",98,16,98.016,4310,0,0,,281,174,
509,"255b","Blown","Blue/green",58,5,58.005,1982,0,0,,1017,182,
510,"255c","Blown","Blue/green",98,90,98.09,4384,0,0,,282,174,
511,256,"Blown","Blue/green",92,61,92.061,6436,185,250,6.6,,,
512,257,"Blown","Blue/green",90,184,90.184,3499,0,0,,41,171,
513,"257b","Blown","Blue/green",0,0,0.0,7001,0,0,,,,
514,258,"Blown","Blue/green",47,17,47.017,1430,0,0,,909,180,
515,259,"Blown","Blue/green",0,0,0.0,7001,0,0,,,,
516,260,"Blown","Blue/green",0,0,0.0,7001,0,0,,,,
517,261,"Blown","Blue/green",25,30,25.03,1019,0,0,,1018,182,
518,"261b","Blown","Blue/green",47,17,47.017,1430,0,0,,910,180,
519,"261c","Blown","Blue/green",41,42,41.042,5462,187,250,,,,
520,261d,"Blown","Blue/green",50,52,50.052,5548,188,250,,,,
521,263,"Blown","Blue/green",24,0,24.0,7000,0,0,,1019,182,
522,264,"Blown","Blue/green",98,138,98.138,4431,0,0,,286,174,4.38
523,265,"Blown","Blue/green",84,49,84.049,2839,0,0,,725,178,
524,266,"Blown","Blue/green",16,153,16.153,762,0,0,,1020,182,
525,267,"Blown","Blue/green",90,204,90.204,3517,0,0,,287,174,4.38
526,269,"Blown","Blue/green",90,174,90.174,3489,0,0,,289,174,
527,270,"Blown","Blue/green",70,16,70.016,6599,189,250,6.6,,,
528,"270b","Blown","Blue/green",90,226,90.226,3538,0,0,,290,174,
529,271,"Blown","Blue/green",0,0,0.0,7001,0,0,,,,
530,"271b","Blown","Blue/green",0,39,102.039,6706,0,0,,,,
531,271d,"Blown","Blue/green",78,5,78.005,6615,190,250,,,,
532,"271e","Blown","Blue/green",80,181,80.181,2524,0,0,,292,174,
533,271f,"Blown","Blue/green",58,4,58.004,1981,0,0,,294,174,
534,"271g","Blown","Blue/green",98,145,98.145,4438,0,0,,294,174,
535,272,"Blown","Blue/green",90,205,90.205,3518,0,0,,296,174,
536,273,"Blown","Blue/green",67,26,67.026,2204,0,0,,911,180,4.38
537,"273b","Blown","Blue/green",0,0,0.0,7001,0,0,,,,
538,274,"Blown","Blue/green",36,22,36.022,1157,0,0,,1022,182,
539,276,"Blown","Blue/green",0,0,0.0,7001,0,0,,,,
540,278,"Blown","Blue/green",91,23,91.023,3641,0,0,,726,178,4.38
541,279,"Blown","Blue/green",47,15,47.015,1428,0,0,,912,180,
542,280,"Blown","Blue/green",66,9,66.009,2183,0,0,,913,180,
543,281,"Blown","Blue/green",98,87,98.087,4381,0,0,,297,174,
544,"281b","Blown","Blue/green",90,247,90.247,4957,191,250,,,,
545,"281c","Blown","Blue/green",90,222,90.222,3534,0,0,,298,174,
546,281d,"Blown","Blue/green",51,9,51.009,1732,0,0,,914,180,
547,"281e","Blown","Blue/green",83,114,83.114,2699,0,0,,727,178,
548,281f,"Blown","Blue/green",98,52,98.052,4346,0,0,,299,174,
549,"281g","Blown","Blue/green",0,0,0.0,7001,0,0,,,,
550,282,"Blown","Blue/green",90,0,90.0,7000,0,0,,300,174,4.40
551,"282b","Blown","Blue/green",38,49,38.049,1260,0,0,,992,181,
552,283,"Blown","Blue/green",87,0,87.0,7000,0,0,,728,178,4.40
553,284,"Blown","Blue/green",0,0,0.0,7001,0,0,,,,
554,285,"Blown","Blue/green",0,0,0.0,7001,0,0,,,,
555,"285b","Blown","Blue/green",98,101,98.101,4395,0,0,,301,174,
556,"285c","Blown","Blue/green",84,0,84.0,7000,0,0,,729,178,
557,286,"Blown","Blue/green",0,0,0.0,7001,193,250,6.6,,,
558,287,"Blown","Blue/green",91,110,91.11,6677,194,250,6.6,,,
559,289,"Blown","Blue/green",83,0,83.0,7000,196,250,6.6,,,
560,290,"Blown","Blue/green",80,7,80.007,2356,0,0,,302,174,4.40
561,291,"Blown","Blue/green",0,0,0.0,7001,0,0,,,,
562,292,"Blown","Blue/green",86,3,86.003,3114,0,0,,730,178,4.40
563,293,"Blown","Blue/green",84,342,84.342,6657,0,0,,,,
564,294,"Blown","Blue/green",60,10,60.01,2017,0,0,,1023,182,
565,296,"Blown","Blue/green",83,111,83.111,2696,0,0,,732,178,
566,"296b","Blown","Blue/green",23,9,23.009,935,0,0,,1024,182,
567,297,"Blown","Blue/green",90,184,90.184,3499,0,0,,42,171,
568,"297b","Blown","Blue/green",39,28,39.028,4890,0,0,,,,
569,"297c","Blown","Blue/green",80,64,80.064,2412,0,0,,303,174,
570,297d,"Blown","Blue/green",80,0,80.0,7000,0,0,,304,174,
571,"297e","Blown","Blue/green",98,145,98.145,4438,0,0,,305,174,
572,298,"Blown","Blue/green",72,67,72.067,5828,197,250,6.6,,,
573,299,"Blown","Blue/green",78,12,78.012,6027,198,250,,,,
574,300,"Blown","Blue/green",77,2,77.002,2308,0,0,,915,180,
575,"300b","Blown","Blue/green",91,23,91.023,3641,0,0,,733,178,
576,"300c","Blown","Blue/green",22,29,22.029,889,0,0,,,,
577,300d,"Blown","Blue/green",84,0,84.0,7000,0,0,,734,178,
578,301,"Blown","Blue/green",97,133,97.133,4124,0,0,,306,174,
579,"301b","Blown","Blue/green",90,204,90.204,3517,0,0,,307,174,
580,"301c","Blown","Blue/green",98,51,98.051,4345,0,0,,308,174,
581,302,"Blown","Blue/green",7,55,7.055,5283,200,250,6.6,,,
582,303,"Blown","Blue/green",98,130,98.13,4424,201,250,6.6,43,171,
583,304,"Blown","Blue/green",0,0,0.0,7001,202,250,6.6,,,
584,305,"Blown","Blue/green",7,57,7.057,6559,203,250,6.6,,,
585,306,"Blown","Blue/green",75,2,75.002,2294,204,251,,916,180,
586,307,"Blown","Blue/green",51,13,51.013,1736,205,251,,917,180,
587,"309b","Blown","Blue/green",78,5,78.005,6615,208,251,,,,
588,"309c","Blown","Blue/green",98,131,98.131,6700,208,251,,,,
589,309d,"Blown","Blue/green",90,82,90.082,3397,208,251,,309,174,
590,"309e","Blown","Blue/green",98,61,98.061,4355,208,251,,310,174,
591,309f,"Blown","Blue/green",80,181,80.181,2524,208,251,,311,174,
592,"309g","Blown","Blue/green",80,215,80.125,6621,209,251,,,,
593,310,"Blown","Blue/green",83,34,83.034,2666,0,0,,735,178,4.44
594,311,"Blown","Blue/green",50,31,50.031,6589,210,251,6.6,,,
595,312,"Blown","Blue/green",58,9,58.009,1986,0,0,,1026,182,4.44
596,313,"Blown","Blue/green",40,0,40.0,7000,0,0,,918,180,4.44
597,"313b","Blown","Blue/green",91,101,91.101,3714,0,0,,45,172,
598,"313c","Blown","Blue/green",90,97,90.097,3412,0,0,,312,174,
599,314,"Blown","Blue/green",51,20,51.02,5599,211,251,6.7,,,
600,315,"Blown","Blue/green",38,15,38.015,1227,212,251,6.7,993,181,
601,316,"Blown","Blue/green",84,71,84.071,6625,213,251,6.7,,,
602,"316b","Blown","Blue/green",0,0,0.0,7001,214,251,,,,
603,317,"Blown","Blue/green",80,154,80.154,2499,0,0,,313,174,
604,318,"Blown","Blue/green",39,8,39.008,6578,0,0,,,,
605,320,"Blown","Blue/green",64,6,64.006,2118,0,0,,1027,182,4.44
606,321,"Blown","Blue/green",92,1,92.001,3797,0,0,,919,180,4.44
607,322,"Blown","Blue/green",0,0,0.0,7001,0,0,,,,
608,323,"Blown","Blue/green",47,17,47.017,1430,0,0,,920,180,
609,324,"Blown","Blue/green",22,2,22.002,862,0,0,,1028,182,4.44
610,"324b","Blown","Blue/green",0,0,0.0,7001,0,0,,,,
611,325,"Blown","Blue/green",22,57,22.057,917,0,0,,1029,182,
612,"325b","Blown","Blue/green",47,17,47.017,1430,0,0,,920,180,
613,"325c","Blown","Blue/green",58,4,58.004,1981,0,0,,1030,182,
614,325d,"Blown","Blue/green",0,0,0.0,7001,0,0,,,,
615,326,"Blown","Blue/green",47,15,47.015,1428,0,0,,921,180,
616,327,"Blown","Blue/green",47,0,47.0,7000,0,0,,923,180,4.44
617,328,"Blown","Blue/green",47,15,47.015,1428,0,0,,922,180,4.44
618,330,"Blown","Blue/green",82,10,82.01,2606,0,0,,1031,182,
619,"330b","Blown","Blue/green",90,222,90.222,3534,0,0,,315,174,
620,"330c","Blown","Blue/green",0,0,0.0,7001,0,0,,,,
621,331,"Blown","Blue/green",83,516,83.516,2722,0,0,,736,178,4.44
622,332,"Blown","Blue/green",7,60,7.06,5280,215,251,6.7,,,
623,333,"Blown","Blue/green",49,0,49.0,7000,216,251,6.7,1032,182,
624,334,"Blown","Blue/green",0,0,0.0,7001,0,0,,,,
625,"334b","Blown","Blue/green",90,0,90.0,7000,0,0,,316,175,
626,"334c","Blown","Blue/green",98,84,98.084,4378,0,0,,317,175,
627,335,"Blown","Blue/green",98,98,98.098,4392,0,0,,924,180,
628,336,"Blown","Blue/green",83,523,83.523,2729,0,0,,737,178,4.44
629,337,"Blown","Blue/green",0,0,0.0,7001,0,0,,,,
630,338,"Blown","Blue/green",0,0,0.0,7001,0,0,,,,
631,339,"Blown","Blue/green",0,0,0.0,7001,0,0,,,,
632,340,"Blown","Blue/green",80,4,80.004,2353,0,0,,318,175,4.40
633,343,"Blown","Blue/green",78,6,78.006,2318,0,0,,925,180,
634,"343b","Blown","Blue/green",97,142,97.142,4133,0,0,,319,175,
635,"343c","Blown","Blue/green",58,5,58.005,1982,0,0,,1033,182,
636,343d,"Blown","Blue/green",93,2,93.002,3837,0,0,,738,178,
637,"343e","Blown","Blue/green",98,8,98.008,4302,0,0,,320,175,
638,343f,"Blown","Blue/green",85,105,85.105,3017,0,0,,739,178,
639,"343h","Blown","Blue/green",97,133,97.133,4124,0,0,,321,175,
640,"343i","Blown","Blue/green",97,139,97.139,4130,0,0,,322,175,
641,344,"Blown","Blue/green",51,21,51.021,1741,217,251,6.7,46,,
642,"344b","Blown","Blue/green",92,63,92.063,6412,218,251,,,,
643,"344c","Blown","Blue/green",98,124,98.124,4418,0,0,,47,,
644,344d,"Blown","Blue/green",91,56,91.056,3672,0,0,,740,178,
645,"344e","Blown","Blue/green",91,94,91.094,3707,0,0,,741,178,
646,"344g","Blown","Blue/green",0,0,0.0,7001,0,0,,,,
647,"344h","Blown","Blue/green",90,164,90.164,3479,0,0,,323,175,
648,"344i","Blown","Blue/green",90,0,90.0,7000,0,0,,324,175,
649,345,"Blown","Blue/green",9,21,9.021,394,219,251,6.7,926,180,
650,347,"Blown","Blue/green",86,33,86.033,3144,0,0,,742,178,4.46
651,348,"Blown","Blue/green",92,72,92.072,4808,220,251,6.7,,,
652,349,"Blown","Blue/green",98,52,98.052,4346,0,0,,325,175,
653,350,"Blown","Blue/green",84,49,84.049,2839,0,0,,743,178,4.44
654,351,"Blown","Blue/green",0,0,0.0,7001,0,0,,,,
655,352,"Blown","Blue/green",92,4,92.004,3800,0,0,,927,180,4.46
656,353,"Blown","Blue/green",98,106,98.106,4400,0,0,,326,175,
657,354,"Blown","Blue/green",58,1,58.001,1978,0,0,,1034,182,
658,"354b","Blown","Blue/green",90,205,90.205,3518,0,0,,328,175,
659,"354c","Blown","Blue/green",90,169,90.169,3484,0,0,,329,175,
660,354d,"Blown","Blue/green",91,56,91.056,3672,0,0,,744,178,
661,354f,"Blown","Blue/green",0,0,0.0,7001,0,0,,,,
662,"354g","Blown","Blue/green",90,87,90.087,3402,0,0,,330,175,
663,"354h","Blown","Blue/green",90,133,90.133,3448,0,0,,331,175,
664,"354i","Blown","Blue/green",97,121,97.121,4112,0,0,,332,175,
665,355,"Blown","Blue/green",88,5,88.005,3213,221,251,6.7,745,178,
666,356,"Blown","Blue/green",0,0,0.0,7001,0,0,,,,
667,357,"Blown","Blue/green",80,41,80.041,2390,0,0,,333,175,4.46
668,358,"Blown","Blue/green",0,0,0.0,7001,0,0,,,,
669,"359b","Blown","Blue/green",98,154,98.145,4438,0,0,,334,175,
670,"359c","Blown","Blue/green",0,0,0.0,7001,0,0,,,,
671,359d,"Blown","Blue/green",90,56,90.056,3371,0,0,,335,175,
672,360,"Blown","Blue/green",76,3,76.003,5951,222,251,6.7,,,
673,361,"Blown","Blue/green",86,4,86.004,3115,0,0,,,,
674,"361b","Blown","Blue/green",80,49,80.049,2397,0,0,,337,175,
675,"361c","Blown","Blue/green",98,20,98.02,4314,0,0,,338,175,
676,361d,"Blown","Blue/green",98,61,98.061,4355,0,0,,339,175,
677,"361e","Blown","Blue/green",98,98,98.098,4392,0,0,,340,175,
678,362,"Blown","Blue/green",83,534,83.534,2740,0,0,,746,178,
679,363,"Blown","Blue/green",84,52,84.052,2842,0,0,,747,178,
680,"363b","Blown","Blue/green",98,181,98.181,6702,0,0,,,,
681,364,"Blown","Blue/green",80,48,80.048,2396,0,0,,341,175,
682,365,"Blown","Blue/green",83,534,83.534,2740,0,0,,748,178,
683,366,"Blown","Blue/green",90,137,90.137,3452,0,0,,342,175,
684,367,"Blown","Blue/green",90,181,90.181,3496,0,0,,343,175,
685,"367b","Blown","Blue/green",14,31,14.031,5340,223,251,,,,
686,"367c","Blown","Blue/green",7,41,7.041,819,0,0,,,,
687,367d,"Blown","Blue/green",84,179,84.179,2918,0,0,,749,178,
688,"367e","Blown","Blue/green",88,5,88.005,3213,0,0,,750,178,
689,367f,"Blown","Blue/green",85,137,85.137,3048,0,0,,751,178,
690,"367g","Blown","Blue/green",84,178,84.178,2917,0,0,,752,178,
691,"367h","Blown","Blue/green",90,157,90.157,3472,0,0,,344,175,
692,"367i","Blown","Blue/green",90,204,90.204,3517,0,0,,345,175,
693,"367j","Blown","Blue/green",97,146,97.146,4137,0,0,,346,175,
694,"367k","Blown","Blue/green",98,32,98.032,4326,0,0,,347,175,
695,"367l","Blown","Blue/green",98,90,98.09,4384,0,0,,348,175,
696,"367m","Blown","Blue/green",0,0,0.0,7001,0,0,,,,
697,"367n","Blown","Blue/green",84,216,84.216,6643,0,0,,,,
698,"367o","Blown","Blue/green",91,93,91.093,3706,0,0,,753,178,
699,"367p","Blown","Blue/green",98,63,98.063,4357,0,0,,349,175,
700,368,"Blown","Blue/green",0,0,0.0,7001,0,0,,,,
701,"368b","Blown","Blue/green",84,71,84.071,6625,224,251,6.7,,,
702,"368c","Blown","Blue/green",80,141,80.141,2486,225,251,6.7,350,175,
703,368d,"Blown","Blue/green",90,141,90.141,3456,0,0,,351,175,
704,369,"Blown","Blue/green",84,52,84.052,2842,0,0,,754,178,
705,"369b","Blown","Blue/green",30,12,30.012,6575,226,251,,,,
706,"369c","Blown","Blue/green",34,37,34.037,5390,226,251,,,,
707,369d,"Blown","Blue/green",41,6,41.006,6580,226,251,,,,
708,"369e","Blown","Blue/green",50,52,50.052,5548,0,0,,,,
709,369f,"Blown","Blue/green",51,21,51.021,1741,0,0,,48,,
710,"369g","Blown","Blue/green",70,16,70.016,6599,0,0,,,,
711,"369h","Blown","Blue/green",70,17,70.017,2281,0,0,,928,,
854,"369ev","Blown","Blue/green",83,508,83.508,2715,0,0,,776,178,
855,"369ew","Blown","Blue/green",83,512,83.512,2718,0,0,,777,178,
856,"369ex","Blown","Blue/green",83,514,83.514,2720,0,0,,778,178,
857,"369ey","Blown","Blue/green",83,518,83.518,2724,0,0,,779,178,
858,"369ez","Blown","Blue/green",83,522,83.522,2728,0,0,,780,178,
859,"369fa","Blown","Blue/green",83,523,83.523,2729,0,0,,781,178,
860,"369fb","Blown","Blue/green",83,526,83.526,2732,0,0,,782,178,
861,"369fc","Blown","Blue/green",83,530,83.53,2736,0,0,,783,178,
862,"369fd","Blown","Blue/green",83,0,83.0,7000,0,0,,784,178,
863,"369fe","Blown","Blue/green",84,49,84.049,2839,0,0,,785,178,
864,"369ff","Blown","Blue/green",84,79,84.079,6194,0,0,,,,
865,"369fg","Blown","Blue/green",84,103,84.103,2868,0,0,,786,178,
866,"369fh","Blown","Blue/green",84,108,84.108,6635,0,0,,,,
867,"369fi","Blown","Blue/green",84,133,84.133,2883,0,0,,787,178,
868,"369fj","Blown","Blue/green",84,134,84.134,2884,0,0,,788,178,
869,"369fk","Blown","Blue/green",84,206,84.206,6640,0,0,,,,
870,"369fl","Blown","Blue/green",84,245,84.245,6648,0,0,,,,
871,"369fm","Blown","Blue/green",84,301,84.301,6655,0,0,,,,
872,"369fn","Blown","Blue/green",84,0,84.0,7000,0,0,,789,178,
873,"369fo","Blown","Blue/green",85,105,85.105,3017,0,0,,790,178,
874,"369fp","Blown","Blue/green",86,33,86.033,3144,0,0,,791,178,
875,"369fq","Blown","Blue/green",86,0,86.0,7000,0,0,,792,178,
876,"369fr","Blown","Blue/green",87,71,89.071,6672,0,0,,,,
877,"369fs","Blown","Blue/green",90,120,90.12,3435,0,0,,397,175,
878,"369ft","Blown","Blue/green",90,127,90.127,3442,0,0,,398,175,
879,"369fu","Blown","Blue/green",90,137,90.137,3452,0,0,,399,175,
880,"369fv","Blown","Blue/green",90,153,90.153,3468,0,0,,400,175,
881,"369fw","Blown","Blue/green",90,157,90.157,3472,0,0,,401,175,
882,"369fx","Blown","Blue/green",90,161,90.161,3476,0,0,,402,175,
883,"369fy","Blown","Blue/green",90,169,90.169,3484,0,0,,403,175,
884,"369fz","Blown","Blue/green",90,177,90.177,3492,0,0,,404,175,
885,"369ga","Blown","Blue/green",90,178,90.178,3493,0,0,,405,175,
886,"369gb","Blown","Blue/green",90,179,90.179,3494,0,0,,406,175,
887,"369gc","Blown","Blue/green",90,185,90.185,3500,0,0,,407,175,
888,"369gd","Blown","Blue/green",90,186,90.186,3501,0,0,,408,175,
889,"369ge","Blown","Blue/green",90,189,90.189,3504,0,0,,409,175,
890,"369gf","Blown","Blue/green",90,204,90.204,3517,0,0,,410,175,
891,"369gg","Blown","Blue/green",90,205,90.205,3518,0,0,,411,175,
892,"369gh","Blown","Blue/green",90,215,90.215,3528,0,0,,412,175,
893,"369gi","Blown","Blue/green",90,220,90.22,6674,0,0,,,,
894,"369gj","Blown","Blue/green",90,225,90.225,3537,0,0,,413,175,
895,"369gk","Blown","Blue/green",90,0,90.0,7000,0,0,,414,175,
896,"369gl","Blown","Blue/green",91,46,91.046,3664,0,0,,415,175,
897,"369gm","Blown","Blue/green",91,55,91.055,3671,0,0,,793,178,
898,"369gn","Blown","Blue/green",91,56,91.056,3672,0,0,,794,178,
899,"369go","Blown","Blue/green",91,94,91.094,3707,0,0,,795,178,
900,"369gp","Blown","Blue/green",91,95,91.095,3708,0,0,,68,,
901,"369gq","Blown","Blue/green",92,15,92.015,3810,0,0,,942,,
902,"369gr","Blown","Blue/green",92,73,92.073,3834,0,0,,943,,
903,"369gs","Blown","Blue/green",92,0,92.0,7000,0,0,,944,,
904,"369gt","Blown","Blue/green",93,8,93.008,6696,0,0,,,,
905,"369gu","Blown","Blue/green",97,139,97.139,4130,0,0,,416,175,
906,"369gv","Blown","Blue/green",97,146,97.146,4137,0,0,,417,175,
907,"369gw","Blown","Blue/green",97,201,97.201,4190,0,0,,69,,
908,"369gx","Blown","Blue/green",97,203,97.203,4191,0,0,,418,175,
909,"369gy","Blown","Blue/green",97,215,97.215,4199,0,0,,70,,
910,"369gz","Blown","Blue/green",97,226,97.226,6699,0,0,,,,
911,"369hi","Blown","Blue/green",98,12,98.012,4306,0,0,,419,175,
912,"369hj","Blown","Blue/green",98,13,98.013,4307,0,0,,420,175,
913,"369hk","Blown","Blue/green",98,18,98.018,4312,0,0,,421,175,
914,"369hl","Blown","Blue/green",98,20,98.02,4314,0,0,,422,175,
915,"369hm","Blown","Blue/green",98,52,98.052,4346,0,0,,423,175,
916,"369hn","Blown","Blue/green",98,61,98.061,4355,0,0,,424,175,
917,"369ho","Blown","Blue/green",98,72,98.072,4366,0,0,,425,175,
918,"369hp","Blown","Blue/green",98,75,98.075,4369,0,0,,426,175,
919,"369hq","Blown","Blue/green",98,76,98.076,4370,0,0,,427,175,
920,"369hr","Blown","Blue/green",98,88,98.088,4382,0,0,,428,175,
921,"369hs","Blown","Blue/green",98,90,98.09,4384,0,0,,429,175,
922,"369ht","Blown","Blue/green",98,93,98.093,4387,0,0,,430,175,
923,"369hu","Blown","Blue/green",98,98,98.098,4392,0,0,,431,175,
924,"369hv","Blown","Blue/green",98,100,98.1,4394,0,0,,432,175,
925,"369hw","Blown","Blue/green",98,106,98.106,4400,0,0,,433,175,
926,"369hx","Blown","Blue/green",98,122,98.122,4416,0,0,,434,175,
927,"369hy","Blown","Blue/green",98,125,98.125,4419,0,0,,435,175,
928,"369hz","Blown","Blue/green",98,126,98.126,4420,0,0,,436,175,
929,"369ia","Blown","Blue/green",98,127,98.127,4421,0,0,,437,175,
930,"369ib","Blown","Blue/green",98,138,98.138,4431,0,0,,438,175,
931,"369ic","Blown","Blue/green",98,145,98.145,4438,0,0,,439,175,
932,"369id","Blown","Blue/green",98,169,98.169,4462,0,0,,440,175,
933,"369ie","Blown","Blue/green",98,180,98.18,6701,0,0,,,,
934,"369if","Blown","Blue/green",98,187,98.187,4475,0,0,,71,,
935,"369ig","Blown","Blue/green",98,226,98.226,6704,0,0,,,,
936,"369ih","Blown","Blue/green",98,0,98.0,7000,0,0,,441,175,
937,"369iv","Blown","Blue/green",0,34,107.034,6707,0,0,,,,
938,"369ix","Blown","Blue/green",1956,0,0.0,7001,0,0,,,,
939,"369iy","Blown","Blue/green",1983,0,0.0,7001,0,0,,,,
940,"369iz","Blown","Blue/green",0,0,0.0,7001,0,0,,,,
941,"369ja","Blown","Blue/green",97,80,97.08,4073,0,0,,479,175,
942,"369jb","Blown","Blue/green",6,7,6.007,261,0,0,,480,175,
943,"369jc","Blown","Blue/green",55,20,55.02,1839,0,0,,1046,,
944,"369jd","Blown","Blue/green",98,173,98.173,4466,0,0,,74,,
945,"369je","Blown","Blue/green",0,0,0.0,7001,0,0,,,,
946,"369jf","Blown","Blue/green",80,199,80.199,6623,0,0,,,,
947,"369jg","Blown","Blue/green",80,207,80.207,6060,226,251,,,,
948,"369jh","Blown","Blue/green",84,244,84.244,6647,0,0,,,,
949,"369ji","Blown","Blue/green",84,251,84.251,6651,226,251,,,,
950,"369jj","Blown","Blue/green",84,253,84.253,6652,226,251,,,,
951,"369jk","Blown","Blue/green",84,254,84.254,6653,226,251,,,,
952,"369jl","Blown","Blue/green",84,266,84.266,6654,226,251,,,,
953,"369jm","Blown","Blue/green",86,207,86.207,6670,226,251,,,,
954,"369jn","Blown","Blue/green",80,181,80.181,2524,0,0,,443,175,
955,"369jo","Blown","Blue/green",91,85,91.085,3699,0,0,,72,,
956,"369jp","Blown","Blue/green",80,74,80.074,2422,0,0,,444,175,
957,"369jq","Blown","Blue/green",80,179,80.179,2522,0,0,,445,175,
958,"369jr","Blown","Blue/green",80,182,80.182,2525,0,0,,446,175,
959,"369js","Blown","Blue/green",80,189,80.189,6622,0,0,,,,
960,"369jt","Blown","Blue/green",80,206,80.206,6039,0,0,,,,
961,"369ju","Blown","Blue/green",80,215,80.215,6037,0,0,,,,
962,"369jv","Blown","Blue/green",84,137,84.137,2887,0,0,,796,178,
963,"369jw","Blown","Blue/green",84,250,84.25,6650,0,0,,,,
964,"369jx","Blown","Blue/green",86,178,86.178,6669,0,0,,,,
965,"369jy","Blown","Blue/green",87,100,87.1,3185,0,0,,797,178,
966,"369jz","Blown","Blue/green",90,51,90.051,3366,0,0,,447,175,
967,"369ka","Blown","Blue/green",90,56,90.056,3371,0,0,,448,175,
968,"369kb","Blown","Blue/green",90,82,90.082,3397,0,0,,449,175,
969,"369kc","Blown","Blue/green",90,87,90.087,3402,0,0,,450,175,
970,"369kd","Blown","Blue/green",90,88,90.088,3403,0,0,,451,175,
971,"369ke","Blown","Blue/green",90,90,90.09,3405,0,0,,452,175,
972,"369kf","Blown","Blue/green",90,100,90.1,3415,0,0,,453,175,
973,"369kg","Blown","Blue/green",90,105,90.105,3420,0,0,,454,175,
974,"369kh","Blown","Blue/green",90,109,90.109,3424,0,0,,455,175,
975,"369ki","Blown","Blue/green",90,116,90.116,3431,0,0,,456,175,
976,"369kj","Blown","Blue/green",90,125,90.125,3440,0,0,,457,175,
977,"369kk","Blown","Blue/green",90,126,90.126,3441,0,0,,458,175,
978,"369kl","Blown","Blue/green",90,133,90.133,3448,0,0,,459,175,
979,"369km","Blown","Blue/green",90,144,90.144,3459,0,0,,460,175,
980,"369kn","Blown","Blue/green",90,157,90.157,3472,0,0,,461,175,
981,"369ko","Blown","Blue/green",90,163,90.163,3478,0,0,,462,175,
982,"369kp","Blown","Blue/green",90,137,90.137,3452,0,0,,463,175,
983,"369kq","Blown","Blue/green",91,93,91.093,3706,0,0,,798,178,
984,"369kr","Blown","Blue/green",91,181,91.181,3763,0,0,,73,,
985,"369ks","Blown","Blue/green",91,503,91.503,3780,0,0,,799,178,
986,"369kt","Blown","Blue/green",91,507,91.507,6682,0,0,,,,
987,"369ku","Blown","Blue/green",97,101,97.101,4092,0,0,,464,175,
988,"369kv","Blown","Blue/green",97,121,97.121,4112,0,0,,465,175,
989,"369kw","Blown","Blue/green",97,132,97.132,4123,0,0,,466,175,
990,"369kx","Blown","Blue/green",97,133,97.133,4124,0,0,,467,175,
991,"369ky","Blown","Blue/green",98,27,98.027,4321,0,0,,468,175,
992,"369kz","Blown","Blue/green",98,28,98.028,4322,0,0,,469,175,
993,"369la","Blown","Blue/green",98,33,98.033,4327,0,0,,470,175,
994,"369lb","Blown","Blue/green",98,40,98.04,4334,0,0,,471,175,
995,"369lc","Blown","Blue/green",98,52,98.052,4346,0,0,,472,175,
996,"369ld","Blown","Blue/green",98,53,98.053,4347,0,0,,473,175,
997,"369le","Blown","Blue/green",98,60,98.06,4354,0,0,,474,175,
998,"369lf","Blown","Blue/green",98,145,98.145,4438,0,0,,475,175,
999,"369lg","Blown","Blue/green",80,0,80.0,7000,0,0,,476,175,
1000,"369lh","Blown","Blue/green",90,0,90.0,7000,0,0,,477,175,
1001,370,"Blown","Blue/green bottle",80,5,80.005,2354,0,0,,481,175,4.41
1002,371,"Blown","Blue/green bottle",73,0,73.0,7000,0,0,,945,180,4.41
1003,372,"Blown","Blue/green bottle",91,94,91.094,3707,0,0,,800,178,
1004,373,"Blown","Blue/green bottle",16,18,16.018,631,0,0,,1047,182,4.41
1005,374,"Blown","Blue/green bottle",47,17,47.017,1430,0,0,,946,180,
1006,"374b","Blown","Blue/green bottle",50,32,50.032,1693,0,0,,947,180,
1007,"374c","Blown","Blue/green bottle",92,18,92.018,3813,0,0,,948,180,4.41
1008,374d,"Blown","Blue/green bottle",22,19,22.019,879,0,0,,1048,182,
1009,"374e","Blown","Blue/green bottle",47,17,47.017,1430,0,0,,949,180,
1010,374f,"Blown","Blue/green bottle",80,0,80.0,7000,0,0,,483,175,
1011,"374g","Blown","Blue/green bottle",0,0,0.0,7001,0,0,,,,
1012,"374h","Blown","Blue/green bottle",90,204,90.204,3517,0,0,,484,175,
1013,"374i","Blown","Blue/green bottle",90,9,90.009,3324,0,0,,485,175,
1014,375,"Blown","Blue/green bottle",59,2,59.002,1997,0,0,,1049,182,4.41
1015,"375b","Blown","Blue/green bottle",83,526,83.526,2732,0,0,,801,178,
1016,"375c","Blown","Blue/green bottle",0,0,0.0,7001,0,0,,,,
1017,375d,"Blown","Blue/green bottle",83,0,83.0,7000,0,0,,802,178,
1018,"375e","Blown","Blue/green bottle",0,0,0.0,7001,0,0,,,,
1019,375f,"Blown","Blue/green bottle",90,204,90.204,3517,0,0,,488,175,
1020,"375g","Blown","Blue/green bottle",90,196,90.196,3511,0,0,,75,172,
1021,"375h","Blown","Blue/green bottle",0,0,0.0,7001,0,0,,,,
1022,"375i","Blown","Blue/green bottle",54,31,54.031,1811,0,0,,1050,182,
1023,"375j","Blown","Blue/green bottle",60,23,60.023,2039,0,0,,1051,182,4.41
1024,"375k","Blown","Blue/green bottle",49,116,49.116,1622,0,0,,1052,182,
1025,376,"Blown","Blue/green bottle",92,4,92.004,3800,227,251,6.7,950,180,
1026,"376b","Blown","Blue/green bottle",98,77,98.077,4371,228,251,,489,175,
1027,"376c","Blown","Blue/green bottle",98,13,98.013,4307,229,251,,490,175,
1028,376d,"Blown","Blue/green bottle",90,177,90.177,3492,230,251,,491,175,
1029,"376e","Blown","Blue/green bottle",0,0,0.0,7001,0,0,,,,
1030,376f,"Blown","Blue/green bottle",50,12,50.012,1688,231,251,,951,181,
1031,"376g","Blown","Blue/green bottle",80,115,80.115,2462,0,0,,492,175,
1032,"376h","Blown","Blue/green bottle",90,5,90.005,3320,0,0,,493,175,
1033,"376i","Blown","Blue/green bottle",90,204,90.204,3517,0,0,,494,175,
1034,"376j","Blown","Blue/green bottle",97,48,97.048,4041,0,0,,495,175,
1035,"376k","Blown","Blue/green bottle",91,94,91.094,3707,0,0,,803,178,
1036,"376l","Blown","Blue/green bottle",8,61,8.061,6562,0,0,,,,
1037,"376n","Blown","Blue/green bottle",0,0,0.0,7001,0,0,,,,
1038,"376p","Blown","Blue/green bottle",47,0,47.0,7000,0,0,,952,181,
1039,"376q","Blown","Blue/green bottle",84,48,84.049,2839,0,0,,805,178,
1040,"376r","Blown","Blue/green bottle",0,0,0.0,7001,0,0,,,,
1041,"376s","Blown","Blue/green bottle",98,62,98.062,4356,0,0,,497,175,
1042,"376t","Blown","Blue/green bottle",0,0,0.0,7001,0,0,,,,
1043,"376u","Blown","Blue/green bottle",91,94,91.094,3707,0,0,,806,178,
1044,"376v","Blown","Blue/green bottle",92,61,92.061,6436,232,251,,,,
1045,"376w","Blown","Blue/green bottle",49,166,49.166,1647,0,0,,1053,183,
1046,"376x","Blown","Blue/green bottle",85,224,85.224,3079,0,0,,807,178,
1047,"376y","Blown","Blue/green bottle",90,205,90.205,3518,0,0,,498,175,
1048,"376z","Blown","Blue/green bottle",98,61,98.061,4355,0,0,,499,175,
1049,"376aa","Blown","Blue/green bottle",84,0,84.0,7000,0,0,,808,178,
1050,"376ab","Blown","Blue/green bottle",0,0,0.0,7001,0,0,,,,
1051,"376ad","Blown","Blue/green bottle",93,9,93.009,6697,0,0,,,,
1052,"376ae","Blown","Blue/green bottle",84,48,84.048,2838,0,0,,809,178,
1053,"376af","Blown","Blue/green bottle",85,137,85.137,3048,0,0,,810,178,
1054,"376ag","Blown","Blue/green bottle",97,112,97.112,4103,0,0,,500,175,
1055,"376ah","Blown","Blue/green bottle",47,17,47.017,1430,0,0,,953,181,
1056,"376ai","Blown","Blue/green bottle",84,49,84.049,2839,0,0,,811,178,
1057,"376aj","Blown","Blue/green bottle",90,179,90.179,3494,0,0,,501,175,
1058,"376ak","Blown","Blue/green bottle",90,204,90.204,3517,0,0,,502,175,
1059,"376am","Blown","Blue/green bottle",0,0,0.0,7001,0,0,,,,
1060,377,"Blown","Blue/green bottle",92,20,92.02,3814,233,251,6.7,954,181,
1061,379,"Blown","Blue/green bottle",47,17,47.017,1430,0,0,,955,181,4.41
1062,"380b","Blown","Blue/green bottle",92,18,92.018,3813,0,0,,956,181,
1063,"380c","Blown","Blue/green bottle",47,17,47.017,1430,0,0,,957,181,
1064,380d,"Blown","Blue/green bottle",0,0,0.0,7001,0,0,,,,
1065,"380e","Blown","Blue/green bottle",0,34,107.034,6707,0,0,,,,
1066,380f,"Blown","Blue/green bottle",60,10,60.01,2017,0,0,,1054,183,
1067,"380h","Blown","Blue/green bottle",90,177,90.177,3492,0,0,,503,175,
1068,"381b","Blown","Blue/green bottle",80,117,80.117,2464,0,0,,504,175,
1069,"381c","Blown","Blue/green bottle",0,0,0.0,7001,0,0,,,,
1070,381d,"Blown","Blue/green bottle",92,61,91.061,3677,234,251,,,,
1071,"381e","Blown","Blue/green bottle",23,35,23.035,6573,0,0,,,,
1072,381f,"Blown","Blue/green bottle",47,17,47.017,1430,0,0,,958,181,
1073,"381g","Blown","Blue/green bottle",90,204,90.204,3517,0,0,,505,175,
1074,"381h","Blown","Blue/green bottle",44,0,44.0,7000,0,0,,959,,
1075,"381i","Blown","Blue/green bottle",84,0,84.0,7000,0,0,,812,178,
1076,"381j","Blown","Blue/green bottle",0,0,0.0,7001,0,0,,,,
1077,"381k","Blown","Blue/green bottle",91,94,91.094,3707,0,0,,813,178,
1078,"381l","Blown","Blue/green bottle",98,87,98.087,4381,0,0,,506,175,
1079,"381m","Blown","Blue/green bottle",85,137,85.137,3048,0,0,,814,178,
1080,"381n","Blown","Blue/green bottle",58,5,58.005,1982,0,0,,1055,183,
1081,"381o","Blown","Blue/green bottle",80,3,80.003,2352,0,0,,507,175,
1082,"381p","Blown","Blue/green bottle",48,17,48.017,1466,0,0,,1056,183,
1083,"381q","Blown","Blue/green bottle",69,0,69.0,7000,0,0,,996,181,
1084,"381r","Blown","Blue/green bottle",0,0,0.0,7001,0,0,,,,
1085,382,"Blown","Blue/green bottle",90,85,90.085,3400,0,0,,508,175,4.41
1086,"382b","Blown","Blue/green bottle",0,0,0.0,7001,0,0,,,,
1087,"382c","Blown","Blue/green bottle",58,5,58.005,1982,0,0,,1058,183,
1088,383,"Blown","Blue/green bottle",47,18,47.018,1431,0,0,,960,181,4.42
1089,383,"Blown","Blue/green bottle",50,25,80.025,2374,0,0,,960,181,4.42
1090,384,"Blown","Blue/green bottle",50,0,50.0,7000,0,0,,961,181,4.42
1091,385,"Blown","Blue/green bottle",84,71,84.071,6625,235,251,6.7,,,
1092,386,"Blown","Blue/green bottle",68,0,68.0,7000,0,0,,,,
1093,387,"Blown","Blue/green bottle",90,177,90.177,3492,0,0,,520,175,
1094,388,"Blown","Blue/green bottle",0,0,0.0,7001,0,0,,,,
1095,389,"Blown","Blue/green bottle",92,15,92.015,3810,0,0,,962,181,
1096,"389b","Blown","Blue/green bottle",97,142,97.142,4133,0,0,,521,175,
1097,"389c","Blown","Blue/green bottle",98,88,98.088,4382,0,0,,522,175,
1098,390,"Blown","Blue/green bottle",48,18,48.018,1467,0,0,,1059,183,4.43
1099,391,"Blown","Blue/green bottle",68,0,68.0,7000,0,0,,,,
1100,392,"Blown","Blue/green bottle",0,0,0.0,7001,0,0,,,,
1101,393,"Blown","Blue/green bottle",84,52,84.052,2842,0,0,,815,178,4.42
1102,395,"Blown","Blue/green bottle",98,138,98.138,4431,0,0,,524,176,
1103,396,"Blown","Blue/green bottle",41,6,41.006,6580,237,251,6.7,,,
1104,397,"Blown","Blue/green bottle",85,137,85.137,3048,0,0,,816,179,4.42
1105,398,"Blown","Blue/green bottle",63,4,63.004,2095,0,0,,965,181,
1106,399,"Blown","Blue/green bottle",90,205,90.205,3518,0,0,,525,176,
1107,401,"Blown","Blue/green bottle",97,142,97.142,4133,0,0,,526,176,
1108,402,"Blown","Blue/green bottle",36,0,36.0,7000,0,0,,1060,183,
1109,"402b","Blown","Blue/green bottle",75,2,75.002,2294,238,251,,964,181,
1110,"402c","Blown","Blue/green bottle",91,56,91.056,3672,0,0,,818,179,
1111,402d,"Blown","Blue/green bottle",97,201,97.201,4190,0,0,,76,172,
1112,"402e","Blown","Blue/green bottle",97,179,97.179,4170,0,0,,77,172,
1113,402f,"Blown","Blue/green bottle",92,20,92.02,3814,239,252,6.7,965,181,
1114,"402g","Blown","Blue/green bottle",97,148,97.148,4139,0,0,,528,176,
1115,"402h","Blown","Blue/green bottle",83,508,83.508,2715,0,0,,820,179,
1116,"402i","Blown","Blue/green bottle",16,55,16.055,667,0,0,,1061,183,
1117,"402j","Blown","Blue/green bottle",16,45,16.045,645,0,0,,1062,183,
1118,403,"Blown","Blue/green bottle",63,4,63.004,2095,0,0,,966,181,
1119,404,"Blown","Blue/green bottle",47,17,47.017,1430,0,0,,967,181,4.43
1120,406,"Blown","Blue/green bottle",84,59,84.059,2849,0,0,,821,179,4.43
1121,407,"Blown","Blue/green bottle",47,15,47.015,1428,0,0,,968,181,4.43
1122,408,"Blown","Blue/green bottle",56,27,56.027,1887,0,0,,1063,183,
1123,409,"Blown","Blue/green bottle",80,0,80.0,7000,0,0,,529,176,4.43
1124,410,"Blown","Blue/green bottle",80,117,80.117,2464,0,0,,531,176,4.43
1125,411,"Blown","Blue/green bottle",91,56,91.056,3672,0,0,,822,179,4.42
1126,"411b","Blown","Blue/green bottle",63,10,63.01,2099,0,0,,78,172,
1127,"411c","Blown","Blue/green bottle",84,56,84.056,2842,0,0,,823,179,
1128,412,"Blown","Blue/green bottle",98,87,98.087,4381,0,0,,532,176,4.41
1129,"412b","Blown","Blue/green bottle",98,102,98.102,4396,0,0,,533,176,
1130,413,"Blown","Blue/green bottle",85,224,85.224,3079,0,0,,824,179,
1131,"413b","Blown","Blue/green bottle",90,177,90.177,3492,0,0,,534,176,
1132,414,"Blown","Blue/green bottle",0,0,0.0,7001,0,0,,,,
1133,415,"Blown","Blue/green bottle",97,148,97.148,4139,0,0,,,,
1134,416,"Blown","Blue/green bottle",98,0,98.0,7000,0,0,,,,
1135,"417a","Blown","Blue/green bottle",84,142,84.142,6638,240,252,,,,
1136,"417b","Blown","Blue/green bottle",90,128,90.128,3443,0,0,,969,181,
1137,"417c","Blown","Blue/green bottle",7,0,7.0,7000,0,0,,,,
1138,"417e","Blown","Blue/green bottle",78,16,78.016,6030,241,252,,,,
1139,417f,"Blown","Blue/green bottle",91,193,91.193,6678,241,252,,,,
1140,"417g","Blown","Blue/green bottle",92,61,92.061,6436,241,252,,,,
1141,"417h","Blown","Blue/green bottle",91,72,91.072,3678,0,0,,825,179,
1142,"417i","Blown","Blue/green bottle",91,117,91.117,3718,0,0,,79,172,
1143,"417j","Blown","Blue/green bottle",98,68,98.068,4362,0,0,,535,176,
1144,"417k","Blown","Blue/green bottle",59,5,59.005,2000,0,0,,1064,183,
1145,"417l","Blown","Blue/green bottle",80,3,80.003,2352,0,0,,536,176,
1146,"417m","Blown","Blue/green bottle",80,7,80.007,2356,0,0,,537,176,
1147,"417n","Blown","Blue/green bottle",80,117,80.117,2464,0,0,,538,176,
1148,"417o","Blown","Blue/green bottle",90,14,90.014,3329,0,0,,539,176,
1149,"417p","Blown","Blue/green bottle",90,69,90.069,3384,0,0,,540,176,
1150,"417q","Blown","Blue/green bottle",84,49,84.049,2839,0,0,,826,179,
1151,"417r","Blown","Blue/green bottle",84,109,84.109,6636,0,0,,,,
1152,"417s","Blown","Blue/green bottle",90,161,90.161,3476,0,0,,541,176,
1153,"417t","Blown","Blue/green bottle",90,180,90.18,3495,0,0,,542,176,
1154,"417u","Blown","Blue/green bottle",90,205,90.205,3518,0,0,,543,176,
1155,"417v","Blown","Blue/green bottle",90,209,90.209,3522,0,0,,544,176,
1156,"417w","Blown","Blue/green bottle",91,46,91.046,3664,0,0,,857,179,
